Plot Title: 20448196,,,
#,"Date Time, GMT -0400","Temp, °F","Intensity,  lum/ft²"
1,2019-06-30 1:00:00,51.30,0
2,2019-06-30 1:15:00,51.38,0
3,2019-06-30 1:30:00,51.38,0
4,2019-06-30 1:45:00,51.45,0
5,2019-06-30 2:00:00,51.45,0
6,2019-06-30 2:15:00,51.69,0
7,2019-06-30 2:30:00,51.84,0
8,2019-06-30 2:45:00,51.92,0
9,2019-06-30 3:00:00,51.76,0
10,2019-06-30 3:15:00,51.76,0
11,2019-06-30 3:30:00,51.76,0
12,2019-06-30 3:45:00,51.84,0
13,2019-06-30 4:00:00,51.84,0
14,2019-06-30 4:15:00,51.84,0
15,2019-06-30 4:30:00,51.84,0
16,2019-06-30 4:45:00,51.84,0
17,2019-06-30 5:00:00,51.84,1
18,2019-06-30 5:15:00,51.76,2
19,2019-06-30 5:30:00,51.61,6
20,2019-06-30 5:45:00,51.61,8
21,2019-06-30 6:00:00,51.69,4
22,2019-06-30 6:15:00,51.69,6
23,2019-06-30 6:30:00,51.61,12
24,2019-06-30 6:45:00,51.53,19
25,2019-06-30 7:00:00,51.53,34
26,2019-06-30 7:15:00,51.53,51
27,2019-06-30 7:30:00,51.45,28
28,2019-06-30 7:45:00,51.30,34
29,2019-06-30 8:00:00,51.22,45
30,2019-06-30 8:15:00,50.91,72
31,2019-06-30 8:30:00,50.76,68
32,2019-06-30 8:45:00,50.99,55
33,2019-06-30 9:00:00,51.22,44
34,2019-06-30 9:15:00,51.22,65
35,2019-06-30 9:30:00,51.15,73
36,2019-06-30 9:45:00,51.15,44
37,2019-06-30 10:00:00,51.15,50
38,2019-06-30 10:15:00,51.15,77
39,2019-06-30 10:30:00,51.15,120
40,2019-06-30 10:45:00,51.15,187
41,2019-06-30 11:00:00,51.15,90
42,2019-06-30 11:15:00,50.68,220
43,2019-06-30 11:30:00,50.30,80
44,2019-06-30 11:45:00,50.30,26
45,2019-06-30 12:00:00,50.99,28
46,2019-06-30 12:15:00,51.30,45
47,2019-06-30 12:30:00,51.45,109
48,2019-06-30 12:45:00,51.61,126
49,2019-06-30 13:00:00,51.61,421
50,2019-06-30 13:15:00,51.61,267
51,2019-06-30 13:30:00,51.61,69
52,2019-06-30 13:45:00,51.53,48
53,2019-06-30 14:00:00,51.45,44
54,2019-06-30 14:15:00,51.45,34
55,2019-06-30 14:30:00,51.38,61
56,2019-06-30 14:45:00,51.53,121
57,2019-06-30 15:00:00,51.53,118
58,2019-06-30 15:15:00,51.45,90
59,2019-06-30 15:30:00,51.53,118
60,2019-06-30 15:45:00,51.69,127
61,2019-06-30 16:00:00,51.76,120
62,2019-06-30 16:15:00,51.76,86
63,2019-06-30 16:30:00,51.69,100
64,2019-06-30 16:45:00,51.76,81
65,2019-06-30 17:00:00,51.84,87
66,2019-06-30 17:15:00,51.84,65
67,2019-06-30 17:30:00,51.84,45
68,2019-06-30 17:45:00,51.76,31
69,2019-06-30 18:00:00,51.69,13
70,2019-06-30 18:15:00,51.69,10
71,2019-06-30 18:30:00,51.69,14
72,2019-06-30 18:45:00,51.53,13
73,2019-06-30 19:00:00,51.45,16
74,2019-06-30 19:15:00,51.30,11
75,2019-06-30 19:30:00,51.38,8
76,2019-06-30 19:45:00,51.30,6
77,2019-06-30 20:00:00,51.38,3
78,2019-06-30 20:15:00,51.22,1
79,2019-06-30 20:30:00,51.22,0
80,2019-06-30 20:45:00,51.22,0
81,2019-06-30 21:00:00,51.07,0
82,2019-06-30 21:15:00,50.84,0
83,2019-06-30 21:30:00,50.91,0
84,2019-06-30 21:45:00,50.99,0
85,2019-06-30 22:00:00,51.07,0
86,2019-06-30 22:15:00,51.15,0
87,2019-06-30 22:30:00,50.99,0
88,2019-06-30 22:45:00,51.38,0
89,2019-06-30 23:00:00,51.45,0
90,2019-06-30 23:15:00,51.84,0
91,2019-06-30 23:30:00,51.69,0
92,2019-06-30 23:45:00,51.45,0
93,2019-07-01 0:00:00,51.22,0
94,2019-07-01 0:15:00,51.38,0
95,2019-07-01 0:30:00,51.22,0
96,2019-07-01 0:45:00,51.45,0
97,2019-07-01 1:00:00,51.38,0
98,2019-07-01 1:15:00,51.38,0
99,2019-07-01 1:30:00,51.38,0
100,2019-07-01 1:45:00,51.22,0
101,2019-07-01 2:00:00,51.15,0
102,2019-07-01 2:15:00,51.15,0
103,2019-07-01 2:30:00,51.30,0
104,2019-07-01 2:45:00,51.38,0
105,2019-07-01 3:00:00,51.30,0
106,2019-07-01 3:15:00,51.45,0
107,2019-07-01 3:30:00,51.45,0
108,2019-07-01 3:45:00,51.45,0
109,2019-07-01 4:00:00,51.53,0
110,2019-07-01 4:15:00,51.45,0
111,2019-07-01 4:30:00,51.45,0
112,2019-07-01 4:45:00,51.38,1
113,2019-07-01 5:00:00,51.30,3
114,2019-07-01 5:15:00,51.38,7
115,2019-07-01 5:30:00,51.30,14
116,2019-07-01 5:45:00,51.45,21
117,2019-07-01 6:00:00,51.38,33
118,2019-07-01 6:15:00,51.45,44
119,2019-07-01 6:30:00,51.38,53
120,2019-07-01 6:45:00,51.38,57
121,2019-07-01 7:00:00,51.38,67
122,2019-07-01 7:15:00,51.38,81
123,2019-07-01 7:30:00,51.38,87
124,2019-07-01 7:45:00,51.45,93
125,2019-07-01 8:00:00,51.38,102
126,2019-07-01 8:15:00,51.38,124
127,2019-07-01 8:30:00,51.15,126
128,2019-07-01 8:45:00,51.15,148
129,2019-07-01 9:00:00,51.07,167
130,2019-07-01 9:15:00,50.68,184
131,2019-07-01 9:30:00,50.37,204
132,2019-07-01 9:45:00,50.37,200
133,2019-07-01 10:00:00,50.61,216
134,2019-07-01 10:15:00,50.76,229
135,2019-07-01 10:30:00,50.84,241
136,2019-07-01 10:45:00,50.76,257
137,2019-07-01 11:00:00,50.76,278
138,2019-07-01 11:15:00,50.76,292
139,2019-07-01 11:30:00,50.68,297
140,2019-07-01 11:45:00,50.76,315
141,2019-07-01 12:00:00,50.61,334
142,2019-07-01 12:15:00,50.30,328
143,2019-07-01 12:30:00,50.37,347
144,2019-07-01 12:45:00,51.15,367
145,2019-07-01 13:00:00,51.84,351
146,2019-07-01 13:15:00,51.69,341
147,2019-07-01 13:30:00,51.76,349
148,2019-07-01 13:45:00,51.69,325
149,2019-07-01 14:00:00,51.69,323
150,2019-07-01 14:15:00,51.76,334
151,2019-07-01 14:30:00,51.76,322
152,2019-07-01 14:45:00,51.76,285
153,2019-07-01 15:00:00,51.76,279
154,2019-07-01 15:15:00,51.76,246
155,2019-07-01 15:30:00,51.76,234
156,2019-07-01 15:45:00,51.76,155
157,2019-07-01 16:00:00,51.76,201
158,2019-07-01 16:15:00,51.84,180
159,2019-07-01 16:30:00,51.61,67
160,2019-07-01 16:45:00,51.61,58
161,2019-07-01 17:00:00,51.53,129
162,2019-07-01 17:15:00,51.61,46
163,2019-07-01 17:30:00,51.84,90
164,2019-07-01 17:45:00,51.84,38
165,2019-07-01 18:00:00,51.92,69
166,2019-07-01 18:15:00,52.07,36
167,2019-07-01 18:30:00,52.07,41
168,2019-07-01 18:45:00,52.00,30
169,2019-07-01 19:00:00,51.92,23
170,2019-07-01 19:15:00,51.84,16
171,2019-07-01 19:30:00,51.45,11
172,2019-07-01 19:45:00,51.38,5
173,2019-07-01 20:00:00,51.45,3
174,2019-07-01 20:15:00,51.30,1
175,2019-07-01 20:30:00,51.38,0
176,2019-07-01 20:45:00,51.38,0
177,2019-07-01 21:00:00,50.99,0
178,2019-07-01 21:15:00,50.61,0
179,2019-07-01 21:30:00,50.68,0
180,2019-07-01 21:45:00,50.84,0
181,2019-07-01 22:00:00,50.99,0
182,2019-07-01 22:15:00,51.15,0
183,2019-07-01 22:30:00,51.22,0
184,2019-07-01 22:45:00,51.22,0
185,2019-07-01 23:00:00,51.38,0
186,2019-07-01 23:15:00,51.38,0
187,2019-07-01 23:30:00,51.53,0
188,2019-07-01 23:45:00,51.45,0
189,2019-07-02 0:00:00,51.61,0
190,2019-07-02 0:15:00,51.84,0
191,2019-07-02 0:30:00,51.07,0
192,2019-07-02 0:45:00,50.84,0
193,2019-07-02 1:00:00,50.84,0
194,2019-07-02 1:15:00,50.84,0
195,2019-07-02 1:30:00,50.99,0
196,2019-07-02 1:45:00,50.99,0
197,2019-07-02 2:00:00,50.91,0
198,2019-07-02 2:15:00,50.99,0
199,2019-07-02 2:30:00,51.38,0
200,2019-07-02 2:45:00,51.38,0
201,2019-07-02 3:00:00,51.45,0
202,2019-07-02 3:15:00,51.45,0
203,2019-07-02 3:30:00,51.45,0
204,2019-07-02 3:45:00,51.45,0
205,2019-07-02 4:00:00,51.45,0
206,2019-07-02 4:15:00,51.45,0
207,2019-07-02 4:30:00,51.45,0
208,2019-07-02 4:45:00,51.45,0
209,2019-07-02 5:00:00,51.45,2
210,2019-07-02 5:15:00,51.45,4
211,2019-07-02 5:30:00,51.38,4
212,2019-07-02 5:45:00,51.30,5
213,2019-07-02 6:00:00,51.30,10
214,2019-07-02 6:15:00,51.38,12
215,2019-07-02 6:30:00,51.38,24
216,2019-07-02 6:45:00,51.38,33
217,2019-07-02 7:00:00,51.45,54
218,2019-07-02 7:15:00,51.38,45
219,2019-07-02 7:30:00,51.45,47
220,2019-07-02 7:45:00,51.45,91
221,2019-07-02 8:00:00,51.45,110
222,2019-07-02 8:15:00,51.53,176
223,2019-07-02 8:30:00,51.45,188
224,2019-07-02 8:45:00,51.53,194
225,2019-07-02 9:00:00,51.45,210
226,2019-07-02 9:15:00,51.45,221
227,2019-07-02 9:30:00,51.53,229
228,2019-07-02 9:45:00,51.61,248
229,2019-07-02 10:00:00,51.22,244
230,2019-07-02 10:15:00,50.76,253
231,2019-07-02 10:30:00,50.76,258
232,2019-07-02 10:45:00,50.84,263
233,2019-07-02 11:00:00,50.84,272
234,2019-07-02 11:15:00,50.91,281
235,2019-07-02 11:30:00,51.07,285
236,2019-07-02 11:45:00,51.15,308
237,2019-07-02 12:00:00,51.30,321
238,2019-07-02 12:15:00,51.45,317
239,2019-07-02 12:30:00,51.38,316
240,2019-07-02 12:45:00,51.53,307
241,2019-07-02 13:00:00,51.61,286
242,2019-07-02 13:15:00,51.61,296
243,2019-07-02 13:30:00,51.84,293
244,2019-07-02 13:45:00,51.76,90
245,2019-07-02 14:00:00,51.84,57
246,2019-07-02 14:15:00,51.76,17
247,2019-07-02 14:30:00,51.84,12
248,2019-07-02 14:45:00,51.45,49
249,2019-07-02 15:00:00,51.92,78
250,2019-07-02 15:15:00,52.15,27
251,2019-07-02 15:30:00,52.00,113
252,2019-07-02 15:45:00,52.15,50
253,2019-07-02 16:00:00,52.15,182
254,2019-07-02 16:15:00,52.00,73
255,2019-07-02 16:30:00,52.00,41
256,2019-07-02 16:45:00,51.92,197
257,2019-07-02 17:00:00,51.92,57
258,2019-07-02 17:15:00,51.92,129
259,2019-07-02 17:30:00,52.00,120
260,2019-07-02 17:45:00,52.00,121
261,2019-07-02 18:00:00,51.92,71
262,2019-07-02 18:15:00,52.00,56
263,2019-07-02 18:30:00,52.00,48
264,2019-07-02 18:45:00,51.92,37
265,2019-07-02 19:00:00,51.92,22
266,2019-07-02 19:15:00,52.00,20
267,2019-07-02 19:30:00,51.92,13
268,2019-07-02 19:45:00,51.76,9
269,2019-07-02 20:00:00,51.76,4
270,2019-07-02 20:15:00,51.76,2
271,2019-07-02 20:30:00,51.84,0
272,2019-07-02 20:45:00,51.92,0
273,2019-07-02 21:00:00,51.84,0
274,2019-07-02 21:15:00,51.84,0
275,2019-07-02 21:30:00,51.76,0
276,2019-07-02 21:45:00,51.45,0
277,2019-07-02 22:00:00,51.22,0
278,2019-07-02 22:15:00,51.15,0
279,2019-07-02 22:30:00,51.22,0
280,2019-07-02 22:45:00,51.07,0
281,2019-07-02 23:00:00,51.07,0
282,2019-07-02 23:15:00,51.15,0
283,2019-07-02 23:30:00,51.22,0
284,2019-07-02 23:45:00,51.30,0
285,2019-07-03 0:00:00,51.38,0
286,2019-07-03 0:15:00,51.38,0
287,2019-07-03 0:30:00,51.22,0
288,2019-07-03 0:45:00,51.61,0
289,2019-07-03 1:00:00,51.53,0
290,2019-07-03 1:15:00,51.84,0
291,2019-07-03 1:30:00,51.84,0
292,2019-07-03 1:45:00,51.84,0
293,2019-07-03 2:00:00,51.84,0
294,2019-07-03 2:15:00,51.69,0
295,2019-07-03 2:30:00,51.84,0
296,2019-07-03 2:45:00,51.76,0
297,2019-07-03 3:00:00,51.84,0
298,2019-07-03 3:15:00,51.84,0
299,2019-07-03 3:30:00,52.15,0
300,2019-07-03 3:45:00,52.23,0
301,2019-07-03 4:00:00,52.30,0
302,2019-07-03 4:15:00,52.38,0
303,2019-07-03 4:30:00,52.54,0
304,2019-07-03 4:45:00,52.61,0
305,2019-07-03 5:00:00,52.61,2
306,2019-07-03 5:15:00,52.61,7
307,2019-07-03 5:30:00,52.54,15
308,2019-07-03 5:45:00,52.54,26
309,2019-07-03 6:00:00,52.23,39
310,2019-07-03 6:15:00,52.30,57
311,2019-07-03 6:30:00,52.23,77
312,2019-07-03 6:45:00,52.23,100
313,2019-07-03 7:00:00,52.30,123
314,2019-07-03 7:15:00,52.23,142
315,2019-07-03 7:30:00,52.23,162
316,2019-07-03 7:45:00,52.38,182
317,2019-07-03 8:00:00,52.38,201
318,2019-07-03 8:15:00,52.46,224
319,2019-07-03 8:30:00,52.46,236
320,2019-07-03 8:45:00,52.54,160
321,2019-07-03 9:00:00,52.38,114
322,2019-07-03 9:15:00,52.46,90
323,2019-07-03 9:30:00,52.54,149
324,2019-07-03 9:45:00,52.38,291
325,2019-07-03 10:00:00,51.76,266
326,2019-07-03 10:15:00,51.53,256
327,2019-07-03 10:30:00,50.91,261
328,2019-07-03 10:45:00,50.91,267
329,2019-07-03 11:00:00,50.99,265
330,2019-07-03 11:15:00,51.15,247
331,2019-07-03 11:30:00,51.15,244
332,2019-07-03 11:45:00,51.30,261
333,2019-07-03 12:00:00,51.38,231
334,2019-07-03 12:15:00,51.45,231
335,2019-07-03 12:30:00,51.38,255
336,2019-07-03 12:45:00,51.53,256
337,2019-07-03 13:00:00,51.45,247
338,2019-07-03 13:15:00,51.15,249
339,2019-07-03 13:30:00,51.15,243
340,2019-07-03 13:45:00,51.45,241
341,2019-07-03 14:00:00,51.45,228
342,2019-07-03 14:15:00,51.84,213
343,2019-07-03 14:30:00,52.23,215
344,2019-07-03 14:45:00,52.15,206
345,2019-07-03 15:00:00,52.07,201
346,2019-07-03 15:15:00,52.07,191
347,2019-07-03 15:30:00,52.15,179
348,2019-07-03 15:45:00,52.23,171
349,2019-07-03 16:00:00,52.23,163
350,2019-07-03 16:15:00,52.30,148
351,2019-07-03 16:30:00,52.38,139
352,2019-07-03 16:45:00,52.30,127
353,2019-07-03 17:00:00,52.30,116
354,2019-07-03 17:15:00,52.23,103
355,2019-07-03 17:30:00,52.23,91
356,2019-07-03 17:45:00,52.15,81
357,2019-07-03 18:00:00,52.23,69
358,2019-07-03 18:15:00,52.15,60
359,2019-07-03 18:30:00,52.15,50
360,2019-07-03 18:45:00,52.23,40
361,2019-07-03 19:00:00,52.30,32
362,2019-07-03 19:15:00,52.30,25
363,2019-07-03 19:30:00,52.46,17
364,2019-07-03 19:45:00,52.54,11
365,2019-07-03 20:00:00,52.46,6
366,2019-07-03 20:15:00,52.54,2
367,2019-07-03 20:30:00,52.46,0
368,2019-07-03 20:45:00,52.54,0
369,2019-07-03 21:00:00,52.46,0
370,2019-07-03 21:15:00,52.38,0
371,2019-07-03 21:30:00,52.30,0
372,2019-07-03 21:45:00,52.38,0
373,2019-07-03 22:00:00,52.46,0
374,2019-07-03 22:15:00,52.00,0
375,2019-07-03 22:30:00,51.92,0
376,2019-07-03 22:45:00,51.84,0
377,2019-07-03 23:00:00,52.07,0
378,2019-07-03 23:15:00,52.07,0
379,2019-07-03 23:30:00,51.53,0
380,2019-07-03 23:45:00,51.22,0
381,2019-07-04 0:00:00,51.22,0
382,2019-07-04 0:15:00,52.15,0
383,2019-07-04 0:30:00,51.92,0
384,2019-07-04 0:45:00,51.45,0
385,2019-07-04 1:00:00,51.45,0
386,2019-07-04 1:15:00,51.53,0
387,2019-07-04 1:30:00,51.69,0
388,2019-07-04 1:45:00,52.00,0
389,2019-07-04 2:00:00,52.00,0
390,2019-07-04 2:15:00,52.00,0
391,2019-07-04 2:30:00,52.00,0
392,2019-07-04 2:45:00,52.07,0
393,2019-07-04 3:00:00,52.07,0
394,2019-07-04 3:15:00,52.00,0
395,2019-07-04 3:30:00,51.84,0
396,2019-07-04 3:45:00,51.84,0
397,2019-07-04 4:00:00,51.76,0
398,2019-07-04 4:15:00,51.84,0
399,2019-07-04 4:30:00,51.76,0
400,2019-07-04 4:45:00,51.76,0
401,2019-07-04 5:00:00,51.76,2
402,2019-07-04 5:15:00,51.76,8
403,2019-07-04 5:30:00,51.76,17
404,2019-07-04 5:45:00,51.84,34
405,2019-07-04 6:00:00,51.84,51
406,2019-07-04 6:15:00,51.92,76
407,2019-07-04 6:30:00,52.00,82
408,2019-07-04 6:45:00,52.00,132
409,2019-07-04 7:00:00,52.15,185
410,2019-07-04 7:15:00,52.15,225
411,2019-07-04 7:30:00,52.15,252
412,2019-07-04 7:45:00,52.07,288
413,2019-07-04 8:00:00,52.15,316
414,2019-07-04 8:15:00,52.07,292
415,2019-07-04 8:30:00,52.23,362
416,2019-07-04 8:45:00,52.15,352
417,2019-07-04 9:00:00,52.30,377
418,2019-07-04 9:15:00,52.30,328
419,2019-07-04 9:30:00,52.30,350
420,2019-07-04 9:45:00,52.30,360
421,2019-07-04 10:00:00,52.30,336
422,2019-07-04 10:15:00,52.30,296
423,2019-07-04 10:30:00,52.15,312
424,2019-07-04 10:45:00,52.00,308
425,2019-07-04 11:00:00,51.61,303
426,2019-07-04 11:15:00,51.45,302
427,2019-07-04 11:30:00,50.91,245
428,2019-07-04 11:45:00,50.91,276
429,2019-07-04 12:00:00,50.76,253
430,2019-07-04 12:15:00,50.76,251
431,2019-07-04 12:30:00,50.91,213
432,2019-07-04 12:45:00,51.15,241
433,2019-07-04 13:00:00,51.30,254
434,2019-07-04 13:15:00,51.45,244
435,2019-07-04 13:30:00,51.53,224
436,2019-07-04 13:45:00,51.61,203
437,2019-07-04 14:00:00,51.61,186
438,2019-07-04 14:15:00,51.53,191
439,2019-07-04 14:30:00,51.76,178
440,2019-07-04 14:45:00,52.00,166
441,2019-07-04 15:00:00,52.23,158
442,2019-07-04 15:15:00,52.15,153
443,2019-07-04 15:30:00,52.30,147
444,2019-07-04 15:45:00,52.46,142
445,2019-07-04 16:00:00,52.46,133
446,2019-07-04 16:15:00,52.46,133
447,2019-07-04 16:30:00,52.38,125
448,2019-07-04 16:45:00,52.46,119
449,2019-07-04 17:00:00,52.54,113
450,2019-07-04 17:15:00,52.46,107
451,2019-07-04 17:30:00,52.54,101
452,2019-07-04 17:45:00,52.46,87
453,2019-07-04 18:00:00,52.46,74
454,2019-07-04 18:15:00,52.38,64
455,2019-07-04 18:30:00,52.30,54
456,2019-07-04 18:45:00,52.30,46
457,2019-07-04 19:00:00,52.38,37
458,2019-07-04 19:15:00,52.30,29
459,2019-07-04 19:30:00,52.30,21
460,2019-07-04 19:45:00,52.23,13
461,2019-07-04 20:00:00,52.23,6
462,2019-07-04 20:15:00,52.15,2
463,2019-07-04 20:30:00,52.30,0
464,2019-07-04 20:45:00,52.30,0
465,2019-07-04 21:00:00,52.30,0
466,2019-07-04 21:15:00,52.30,0
467,2019-07-04 21:30:00,52.46,0
468,2019-07-04 21:45:00,52.46,0
469,2019-07-04 22:00:00,52.46,0
470,2019-07-04 22:15:00,52.46,0
471,2019-07-04 22:30:00,52.38,0
472,2019-07-04 22:45:00,52.38,0
473,2019-07-04 23:00:00,52.30,0
474,2019-07-04 23:15:00,51.69,0
475,2019-07-04 23:30:00,51.30,0
476,2019-07-04 23:45:00,51.15,0
477,2019-07-05 0:00:00,51.07,0
478,2019-07-05 0:15:00,51.07,0
479,2019-07-05 0:30:00,51.15,0
480,2019-07-05 0:45:00,51.15,0
481,2019-07-05 1:00:00,51.22,0
482,2019-07-05 1:15:00,51.30,0
483,2019-07-05 1:30:00,51.30,0
484,2019-07-05 1:45:00,51.76,0
485,2019-07-05 2:00:00,51.69,0
486,2019-07-05 2:15:00,51.69,0
487,2019-07-05 2:30:00,51.84,0
488,2019-07-05 2:45:00,51.84,0
489,2019-07-05 3:00:00,51.84,0
490,2019-07-05 3:15:00,52.00,0
491,2019-07-05 3:30:00,51.84,0
492,2019-07-05 3:45:00,52.00,0
493,2019-07-05 4:00:00,51.92,0
494,2019-07-05 4:15:00,52.00,0
495,2019-07-05 4:30:00,52.00,0
496,2019-07-05 4:45:00,51.92,0
497,2019-07-05 5:00:00,51.92,2
498,2019-07-05 5:15:00,51.92,7
499,2019-07-05 5:30:00,51.92,14
500,2019-07-05 5:45:00,51.92,26
501,2019-07-05 6:00:00,51.92,41
502,2019-07-05 6:15:00,52.00,57
503,2019-07-05 6:30:00,52.07,79
504,2019-07-05 6:45:00,52.07,107
505,2019-07-05 7:00:00,52.00,145
506,2019-07-05 7:15:00,52.15,183
507,2019-07-05 7:30:00,52.15,216
508,2019-07-05 7:45:00,52.23,262
509,2019-07-05 8:00:00,52.23,300
510,2019-07-05 8:15:00,52.30,330
511,2019-07-05 8:30:00,52.30,355
512,2019-07-05 8:45:00,52.38,346
513,2019-07-05 9:00:00,52.38,404
514,2019-07-05 9:15:00,52.46,412
515,2019-07-05 9:30:00,52.54,414
516,2019-07-05 9:45:00,52.54,411
517,2019-07-05 10:00:00,52.61,370
518,2019-07-05 10:15:00,52.61,341
519,2019-07-05 10:30:00,52.54,211
520,2019-07-05 10:45:00,52.54,336
521,2019-07-05 11:00:00,52.61,317
522,2019-07-05 11:15:00,52.54,313
523,2019-07-05 11:30:00,52.54,272
524,2019-07-05 11:45:00,52.54,264
525,2019-07-05 12:00:00,52.07,250
526,2019-07-05 12:15:00,51.30,228
527,2019-07-05 12:30:00,51.22,227
528,2019-07-05 12:45:00,50.99,206
529,2019-07-05 13:00:00,50.68,209
530,2019-07-05 13:15:00,50.68,200
531,2019-07-05 13:30:00,50.68,186
532,2019-07-05 13:45:00,50.76,176
533,2019-07-05 14:00:00,50.84,153
534,2019-07-05 14:15:00,51.07,157
535,2019-07-05 14:30:00,51.38,148
536,2019-07-05 14:45:00,51.45,156
537,2019-07-05 15:00:00,51.61,125
538,2019-07-05 15:15:00,51.45,126
539,2019-07-05 15:30:00,51.15,110
540,2019-07-05 15:45:00,51.69,109
541,2019-07-05 16:00:00,52.15,86
542,2019-07-05 16:15:00,52.23,96
543,2019-07-05 16:30:00,52.38,104
544,2019-07-05 16:45:00,52.46,95
545,2019-07-05 17:00:00,52.46,77
546,2019-07-05 17:15:00,52.46,97
547,2019-07-05 17:30:00,52.54,85
548,2019-07-05 17:45:00,52.61,67
549,2019-07-05 18:00:00,52.61,68
550,2019-07-05 18:15:00,52.54,43
551,2019-07-05 18:30:00,52.38,49
552,2019-07-05 18:45:00,52.38,51
553,2019-07-05 19:00:00,52.30,41
554,2019-07-05 19:15:00,52.38,30
555,2019-07-05 19:30:00,52.38,22
556,2019-07-05 19:45:00,52.30,16
557,2019-07-05 20:00:00,52.30,8
558,2019-07-05 20:15:00,52.30,3
559,2019-07-05 20:30:00,52.23,1
560,2019-07-05 20:45:00,52.23,0
561,2019-07-05 21:00:00,52.23,0
562,2019-07-05 21:15:00,52.30,0
563,2019-07-05 21:30:00,52.30,0
564,2019-07-05 21:45:00,52.23,0
565,2019-07-05 22:00:00,52.30,0
566,2019-07-05 22:15:00,52.23,0
567,2019-07-05 22:30:00,52.38,0
568,2019-07-05 22:45:00,52.38,0
569,2019-07-05 23:00:00,52.30,0
570,2019-07-05 23:15:00,52.30,0
571,2019-07-05 23:30:00,52.30,0
572,2019-07-05 23:45:00,52.30,0
573,2019-07-06 0:00:00,52.23,0
574,2019-07-06 0:15:00,51.22,0
575,2019-07-06 0:30:00,50.99,0
576,2019-07-06 0:45:00,50.76,0
577,2019-07-06 1:00:00,50.61,0
578,2019-07-06 1:15:00,50.61,0
579,2019-07-06 1:30:00,50.61,0
580,2019-07-06 1:45:00,50.53,0
581,2019-07-06 2:00:00,50.68,0
582,2019-07-06 2:15:00,50.68,0
583,2019-07-06 2:30:00,50.53,0
584,2019-07-06 2:45:00,50.76,0
585,2019-07-06 3:00:00,50.84,0
586,2019-07-06 3:15:00,51.22,0
587,2019-07-06 3:30:00,51.15,0
588,2019-07-06 3:45:00,51.45,0
589,2019-07-06 4:00:00,51.61,0
590,2019-07-06 4:15:00,51.53,0
591,2019-07-06 4:30:00,51.61,0
592,2019-07-06 4:45:00,51.61,0
593,2019-07-06 5:00:00,51.53,1
594,2019-07-06 5:15:00,51.76,4
595,2019-07-06 5:30:00,51.69,9
596,2019-07-06 5:45:00,51.76,16
597,2019-07-06 6:00:00,51.84,17
598,2019-07-06 6:15:00,51.76,15
599,2019-07-06 6:30:00,51.76,37
600,2019-07-06 6:45:00,51.76,57
601,2019-07-06 7:00:00,51.92,95
602,2019-07-06 7:15:00,51.92,107
603,2019-07-06 7:30:00,51.92,149
604,2019-07-06 7:45:00,51.92,158
605,2019-07-06 8:00:00,52.00,129
606,2019-07-06 8:15:00,52.00,155
607,2019-07-06 8:30:00,52.00,161
608,2019-07-06 8:45:00,52.07,256
609,2019-07-06 9:00:00,52.15,398
610,2019-07-06 9:15:00,52.23,463
611,2019-07-06 9:30:00,52.23,486
612,2019-07-06 9:45:00,52.23,520
613,2019-07-06 10:00:00,52.23,502
614,2019-07-06 10:15:00,52.30,517
615,2019-07-06 10:30:00,52.23,500
616,2019-07-06 10:45:00,52.23,474
617,2019-07-06 11:00:00,52.30,425
618,2019-07-06 11:15:00,52.38,412
619,2019-07-06 11:30:00,52.38,379
620,2019-07-06 11:45:00,52.30,327
621,2019-07-06 12:00:00,52.30,316
622,2019-07-06 12:15:00,52.30,296
623,2019-07-06 12:30:00,52.30,243
624,2019-07-06 12:45:00,52.38,245
625,2019-07-06 13:00:00,52.38,224
626,2019-07-06 13:15:00,51.45,213
627,2019-07-06 13:30:00,51.07,168
628,2019-07-06 13:45:00,50.99,198
629,2019-07-06 14:00:00,50.91,96
630,2019-07-06 14:15:00,50.84,154
631,2019-07-06 14:30:00,50.91,136
632,2019-07-06 14:45:00,50.99,130
633,2019-07-06 15:00:00,51.07,121
634,2019-07-06 15:15:00,50.99,72
635,2019-07-06 15:30:00,51.22,40
636,2019-07-06 15:45:00,51.61,96
637,2019-07-06 16:00:00,51.61,90
638,2019-07-06 16:15:00,51.76,98
639,2019-07-06 16:30:00,52.15,58
640,2019-07-06 16:45:00,52.30,25
641,2019-07-06 17:00:00,52.54,22
642,2019-07-06 17:15:00,52.61,15
643,2019-07-06 17:30:00,52.84,4
644,2019-07-06 17:45:00,52.77,3
645,2019-07-06 18:00:00,52.69,3
646,2019-07-06 18:15:00,52.61,4
647,2019-07-06 18:30:00,52.69,3
648,2019-07-06 18:45:00,52.69,5
649,2019-07-06 19:00:00,52.69,6
650,2019-07-06 19:15:00,52.84,6
651,2019-07-06 19:30:00,52.77,5
652,2019-07-06 19:45:00,52.84,6
653,2019-07-06 20:00:00,52.69,7
654,2019-07-06 20:15:00,52.77,2
655,2019-07-06 20:30:00,52.77,0
656,2019-07-06 20:45:00,52.69,0
657,2019-07-06 21:00:00,52.69,0
658,2019-07-06 21:15:00,52.61,0
659,2019-07-06 21:30:00,52.61,0
660,2019-07-06 21:45:00,52.54,0
661,2019-07-06 22:00:00,52.54,0
662,2019-07-06 22:15:00,52.61,0
663,2019-07-06 22:30:00,52.61,0
664,2019-07-06 22:45:00,52.61,0
665,2019-07-06 23:00:00,52.61,0
666,2019-07-06 23:15:00,52.61,0
667,2019-07-06 23:30:00,52.61,0
668,2019-07-06 23:45:00,52.61,0
669,2019-07-07 0:00:00,52.54,0
670,2019-07-07 0:15:00,52.46,0
671,2019-07-07 0:30:00,52.38,0
672,2019-07-07 0:45:00,52.38,0
673,2019-07-07 1:00:00,52.00,0
674,2019-07-07 1:15:00,51.30,0
675,2019-07-07 1:30:00,51.15,0
676,2019-07-07 1:45:00,50.99,0
677,2019-07-07 2:00:00,50.91,0
678,2019-07-07 2:15:00,50.68,0
679,2019-07-07 2:30:00,50.61,0
680,2019-07-07 2:45:00,50.68,0
681,2019-07-07 3:00:00,50.84,0
682,2019-07-07 3:15:00,50.91,0
683,2019-07-07 3:30:00,50.99,0
684,2019-07-07 3:45:00,51.30,0
685,2019-07-07 4:00:00,51.38,0
686,2019-07-07 4:15:00,51.45,0
687,2019-07-07 4:30:00,52.00,0
688,2019-07-07 4:45:00,51.84,0
689,2019-07-07 5:00:00,51.76,1
690,2019-07-07 5:15:00,51.92,3
691,2019-07-07 5:30:00,52.00,6
692,2019-07-07 5:45:00,51.92,13
693,2019-07-07 6:00:00,51.92,22
694,2019-07-07 6:15:00,52.00,35
695,2019-07-07 6:30:00,52.00,53
696,2019-07-07 6:45:00,52.00,77
697,2019-07-07 7:00:00,52.15,109
698,2019-07-07 7:15:00,52.15,149
699,2019-07-07 7:30:00,52.15,189
700,2019-07-07 7:45:00,52.30,243
701,2019-07-07 8:00:00,52.30,285
702,2019-07-07 8:15:00,52.46,356
703,2019-07-07 8:30:00,52.46,405
704,2019-07-07 8:45:00,52.46,467
705,2019-07-07 9:00:00,52.61,548
706,2019-07-07 9:15:00,52.69,577
707,2019-07-07 9:30:00,52.84,578
708,2019-07-07 9:45:00,52.92,593
709,2019-07-07 10:00:00,52.84,704
710,2019-07-07 10:15:00,52.84,652
711,2019-07-07 10:30:00,52.92,667
712,2019-07-07 10:45:00,52.92,694
713,2019-07-07 11:00:00,52.84,583
714,2019-07-07 11:15:00,53.08,605
715,2019-07-07 11:30:00,53.15,521
716,2019-07-07 11:45:00,53.00,484
717,2019-07-07 12:00:00,53.00,433
718,2019-07-07 12:15:00,53.00,397
719,2019-07-07 12:30:00,53.00,354
720,2019-07-07 12:45:00,53.00,309
721,2019-07-07 13:00:00,53.08,281
722,2019-07-07 13:15:00,52.46,255
723,2019-07-07 13:30:00,52.38,223
724,2019-07-07 13:45:00,51.84,202
725,2019-07-07 14:00:00,51.61,188
726,2019-07-07 14:15:00,51.45,169
727,2019-07-07 14:30:00,51.22,154
728,2019-07-07 14:45:00,51.07,139
729,2019-07-07 15:00:00,50.99,125
730,2019-07-07 15:15:00,50.84,114
731,2019-07-07 15:30:00,50.91,103
732,2019-07-07 15:45:00,50.84,93
733,2019-07-07 16:00:00,50.91,84
734,2019-07-07 16:15:00,50.91,78
735,2019-07-07 16:30:00,51.15,70
736,2019-07-07 16:45:00,51.38,63
737,2019-07-07 17:00:00,51.30,59
738,2019-07-07 17:15:00,50.91,55
739,2019-07-07 17:30:00,51.38,48
740,2019-07-07 17:45:00,51.76,44
741,2019-07-07 18:00:00,52.23,38
742,2019-07-07 18:15:00,52.61,34
743,2019-07-07 18:30:00,52.84,31
744,2019-07-07 18:45:00,52.61,27
745,2019-07-07 19:00:00,52.54,23
746,2019-07-07 19:15:00,52.46,19
747,2019-07-07 19:30:00,52.38,14
748,2019-07-07 19:45:00,52.38,10
749,2019-07-07 20:00:00,52.23,6
750,2019-07-07 20:15:00,52.30,3
751,2019-07-07 20:30:00,52.23,1
752,2019-07-07 20:45:00,52.30,0
753,2019-07-07 21:00:00,52.15,0
754,2019-07-07 21:15:00,52.07,0
755,2019-07-07 21:30:00,52.30,0
756,2019-07-07 21:45:00,52.23,0
757,2019-07-07 22:00:00,52.30,0
758,2019-07-07 22:15:00,52.23,0
759,2019-07-07 22:30:00,52.23,0
760,2019-07-07 22:45:00,52.15,0
761,2019-07-07 23:00:00,52.15,0
762,2019-07-07 23:15:00,52.23,0
763,2019-07-07 23:30:00,52.15,0
764,2019-07-07 23:45:00,52.23,0
765,2019-07-08 0:00:00,52.15,0
766,2019-07-08 0:15:00,52.23,0
767,2019-07-08 0:30:00,52.23,0
768,2019-07-08 0:45:00,52.23,0
769,2019-07-08 1:00:00,52.15,0
770,2019-07-08 1:15:00,52.23,0
771,2019-07-08 1:30:00,52.23,0
772,2019-07-08 1:45:00,52.23,0
773,2019-07-08 2:00:00,52.23,0
774,2019-07-08 2:15:00,52.30,0
775,2019-07-08 2:30:00,52.23,0
776,2019-07-08 2:45:00,52.15,0
777,2019-07-08 3:00:00,51.61,0
778,2019-07-08 3:15:00,51.30,0
779,2019-07-08 3:30:00,51.15,0
780,2019-07-08 3:45:00,51.07,0
781,2019-07-08 4:00:00,51.30,0
782,2019-07-08 4:15:00,51.30,0
783,2019-07-08 4:30:00,51.61,0
784,2019-07-08 4:45:00,52.00,0
785,2019-07-08 5:00:00,52.23,1
786,2019-07-08 5:15:00,52.15,3
787,2019-07-08 5:30:00,52.30,6
788,2019-07-08 5:45:00,52.30,10
789,2019-07-08 6:00:00,52.23,16
790,2019-07-08 6:15:00,52.15,26
791,2019-07-08 6:30:00,52.30,39
792,2019-07-08 6:45:00,52.38,56
793,2019-07-08 7:00:00,52.38,78
794,2019-07-08 7:15:00,52.38,106
795,2019-07-08 7:30:00,52.38,141
796,2019-07-08 7:45:00,52.30,186
797,2019-07-08 8:00:00,52.30,230
798,2019-07-08 8:15:00,52.30,281
799,2019-07-08 8:30:00,52.46,334
800,2019-07-08 8:45:00,52.54,389
801,2019-07-08 9:00:00,52.54,455
802,2019-07-08 9:15:00,52.61,508
803,2019-07-08 9:30:00,52.61,567
804,2019-07-08 9:45:00,52.77,643
805,2019-07-08 10:00:00,52.92,644
806,2019-07-08 10:15:00,53.15,710
807,2019-07-08 10:30:00,53.23,680
808,2019-07-08 10:45:00,53.31,681
809,2019-07-08 11:00:00,53.31,688
810,2019-07-08 11:15:00,53.23,668
811,2019-07-08 11:30:00,53.23,637
812,2019-07-08 11:45:00,53.39,563
813,2019-07-08 12:00:00,53.39,547
814,2019-07-08 12:15:00,53.39,489
815,2019-07-08 12:30:00,53.23,448
816,2019-07-08 12:45:00,53.08,413
817,2019-07-08 13:00:00,53.08,310
818,2019-07-08 13:15:00,53.00,322
819,2019-07-08 13:30:00,53.15,282
820,2019-07-08 13:45:00,53.08,250
821,2019-07-08 14:00:00,53.00,211
822,2019-07-08 14:15:00,52.84,188
823,2019-07-08 14:30:00,52.77,164
824,2019-07-08 14:45:00,52.54,141
825,2019-07-08 15:00:00,52.23,121
826,2019-07-08 15:15:00,52.23,109
827,2019-07-08 15:30:00,52.23,95
828,2019-07-08 15:45:00,52.23,84
829,2019-07-08 16:00:00,52.30,76
830,2019-07-08 16:15:00,52.15,67
831,2019-07-08 16:30:00,52.23,61
832,2019-07-08 16:45:00,52.23,54
833,2019-07-08 17:00:00,52.23,49
834,2019-07-08 17:15:00,52.07,45
835,2019-07-08 17:30:00,52.07,38
836,2019-07-08 17:45:00,52.00,34
837,2019-07-08 18:00:00,52.07,31
838,2019-07-08 18:15:00,52.23,26
839,2019-07-08 18:30:00,52.77,22
840,2019-07-08 18:45:00,52.77,19
841,2019-07-08 19:00:00,52.77,17
842,2019-07-08 19:15:00,52.69,13
843,2019-07-08 19:30:00,52.77,11
844,2019-07-08 19:45:00,52.77,8
845,2019-07-08 20:00:00,52.84,4
846,2019-07-08 20:15:00,52.92,2
847,2019-07-08 20:30:00,52.92,0
848,2019-07-08 20:45:00,52.92,0
849,2019-07-08 21:00:00,53.00,0
850,2019-07-08 21:15:00,53.00,0
851,2019-07-08 21:30:00,52.92,0
852,2019-07-08 21:45:00,53.00,0
853,2019-07-08 22:00:00,53.00,0
854,2019-07-08 22:15:00,52.92,0
855,2019-07-08 22:30:00,52.84,0
856,2019-07-08 22:45:00,52.84,0
857,2019-07-08 23:00:00,52.84,0
858,2019-07-08 23:15:00,52.92,0
859,2019-07-08 23:30:00,52.84,0
860,2019-07-08 23:45:00,53.00,0
861,2019-07-09 0:00:00,52.92,0
862,2019-07-09 0:15:00,53.00,0
863,2019-07-09 0:30:00,53.00,0
864,2019-07-09 0:45:00,53.00,0
865,2019-07-09 1:00:00,53.00,0
866,2019-07-09 1:15:00,53.00,0
867,2019-07-09 1:30:00,53.00,0
868,2019-07-09 1:45:00,52.92,0
869,2019-07-09 2:00:00,53.00,0
870,2019-07-09 2:15:00,52.84,0
871,2019-07-09 2:30:00,52.84,0
872,2019-07-09 2:45:00,52.92,0
873,2019-07-09 3:00:00,53.00,0
874,2019-07-09 3:15:00,52.92,0
875,2019-07-09 3:30:00,52.54,0
876,2019-07-09 3:45:00,52.38,0
877,2019-07-09 4:00:00,52.38,0
878,2019-07-09 4:15:00,52.30,0
879,2019-07-09 4:30:00,51.92,0
880,2019-07-09 4:45:00,51.69,0
881,2019-07-09 5:00:00,51.92,0
882,2019-07-09 5:15:00,52.00,2
883,2019-07-09 5:30:00,51.69,4
884,2019-07-09 5:45:00,51.92,8
885,2019-07-09 6:00:00,52.30,13
886,2019-07-09 6:15:00,52.54,22
887,2019-07-09 6:30:00,52.61,29
888,2019-07-09 6:45:00,52.54,39
889,2019-07-09 7:00:00,52.77,51
890,2019-07-09 7:15:00,52.77,70
891,2019-07-09 7:30:00,53.00,88
892,2019-07-09 7:45:00,52.92,116
893,2019-07-09 8:00:00,52.92,144
894,2019-07-09 8:15:00,53.08,180
895,2019-07-09 8:30:00,53.15,229
896,2019-07-09 8:45:00,53.15,286
897,2019-07-09 9:00:00,53.23,314
898,2019-07-09 9:15:00,53.15,367
899,2019-07-09 9:30:00,53.39,428
900,2019-07-09 9:45:00,53.23,417
901,2019-07-09 10:00:00,53.23,510
902,2019-07-09 10:15:00,53.31,510
903,2019-07-09 10:30:00,53.23,437
904,2019-07-09 10:45:00,53.23,558
905,2019-07-09 11:00:00,53.15,329
906,2019-07-09 11:15:00,53.31,435
907,2019-07-09 11:30:00,53.23,322
908,2019-07-09 11:45:00,53.23,404
909,2019-07-09 12:00:00,53.31,486
910,2019-07-09 12:15:00,53.39,269
911,2019-07-09 12:30:00,53.46,371
912,2019-07-09 12:45:00,53.54,369
913,2019-07-09 13:00:00,53.54,217
914,2019-07-09 13:15:00,53.77,340
915,2019-07-09 13:30:00,53.85,291
916,2019-07-09 13:45:00,53.85,281
917,2019-07-09 14:00:00,53.85,203
918,2019-07-09 14:15:00,53.77,222
919,2019-07-09 14:30:00,53.62,87
920,2019-07-09 14:45:00,53.46,125
921,2019-07-09 15:00:00,53.54,122
922,2019-07-09 15:15:00,53.69,95
923,2019-07-09 15:30:00,53.00,98
924,2019-07-09 15:45:00,52.61,94
925,2019-07-09 16:00:00,52.69,88
926,2019-07-09 16:15:00,52.77,47
927,2019-07-09 16:30:00,52.77,61
928,2019-07-09 16:45:00,52.84,58
929,2019-07-09 17:00:00,52.84,51
930,2019-07-09 17:15:00,52.61,40
931,2019-07-09 17:30:00,52.61,35
932,2019-07-09 17:45:00,52.84,38
933,2019-07-09 18:00:00,53.00,21
934,2019-07-09 18:15:00,53.15,22
935,2019-07-09 18:30:00,53.08,29
936,2019-07-09 18:45:00,52.92,18
937,2019-07-09 19:00:00,53.00,15
938,2019-07-09 19:15:00,53.00,15
939,2019-07-09 19:30:00,53.00,11
940,2019-07-09 19:45:00,53.23,5
941,2019-07-09 20:00:00,53.46,3
942,2019-07-09 20:15:00,53.54,1
943,2019-07-09 20:30:00,53.46,0
944,2019-07-09 20:45:00,53.46,0
945,2019-07-09 21:00:00,53.54,0
946,2019-07-09 21:15:00,53.62,0
947,2019-07-09 21:30:00,53.54,0
948,2019-07-09 21:45:00,53.54,0
949,2019-07-09 22:00:00,53.62,0
950,2019-07-09 22:15:00,53.54,0
951,2019-07-09 22:30:00,53.62,0
952,2019-07-09 22:45:00,53.69,0
953,2019-07-09 23:00:00,53.54,0
954,2019-07-09 23:15:00,53.39,0
955,2019-07-09 23:30:00,53.46,0
956,2019-07-09 23:45:00,53.46,0
957,2019-07-10 0:00:00,53.46,0
958,2019-07-10 0:15:00,53.46,0
959,2019-07-10 0:30:00,53.54,0
960,2019-07-10 0:45:00,53.54,0
961,2019-07-10 1:00:00,53.54,0
962,2019-07-10 1:15:00,53.54,0
963,2019-07-10 1:30:00,53.54,0
964,2019-07-10 1:45:00,53.54,0
965,2019-07-10 2:00:00,53.69,0
966,2019-07-10 2:15:00,53.54,0
967,2019-07-10 2:30:00,53.62,0
968,2019-07-10 2:45:00,53.54,0
969,2019-07-10 3:00:00,53.46,0
970,2019-07-10 3:15:00,53.46,0
971,2019-07-10 3:30:00,53.39,0
972,2019-07-10 3:45:00,53.23,0
973,2019-07-10 4:00:00,52.61,0
974,2019-07-10 4:15:00,52.46,0
975,2019-07-10 4:30:00,52.30,0
976,2019-07-10 4:45:00,52.15,0
977,2019-07-10 5:00:00,52.15,0
978,2019-07-10 5:15:00,52.30,1
979,2019-07-10 5:30:00,52.30,4
980,2019-07-10 5:45:00,52.46,7
981,2019-07-10 6:00:00,52.46,12
982,2019-07-10 6:15:00,52.54,13
983,2019-07-10 6:30:00,52.69,16
984,2019-07-10 6:45:00,52.77,23
985,2019-07-10 7:00:00,52.61,34
986,2019-07-10 7:15:00,52.54,46
987,2019-07-10 7:30:00,52.61,67
988,2019-07-10 7:45:00,52.54,77
989,2019-07-10 8:00:00,52.84,100
990,2019-07-10 8:15:00,53.08,121
991,2019-07-10 8:30:00,53.08,156
992,2019-07-10 8:45:00,53.15,197
993,2019-07-10 9:00:00,53.15,176
994,2019-07-10 9:15:00,53.00,199
995,2019-07-10 9:30:00,53.00,273
996,2019-07-10 9:45:00,53.15,303
997,2019-07-10 10:00:00,53.23,340
998,2019-07-10 10:15:00,53.23,370
999,2019-07-10 10:30:00,53.23,393
1000,2019-07-10 10:45:00,55.08,583
1001,2019-07-10 11:00:00,54.31,"1,038"
1002,2019-07-10 11:15:00,53.54,"1,113"
1003,2019-07-10 11:30:00,53.46,"1,123"
1004,2019-07-10 11:45:00,53.46,"1,121"
1005,2019-07-10 12:00:00,53.46,"1,211"
1006,2019-07-10 12:15:00,53.54,"1,205"
1007,2019-07-10 12:30:00,53.54,"1,317"
1008,2019-07-10 12:45:00,53.54,"1,261"
1009,2019-07-10 13:00:00,53.69,"1,225"
1010,2019-07-10 13:15:00,53.62,"1,149"
1011,2019-07-10 13:30:00,53.77,"1,074"
1012,2019-07-10 13:45:00,53.77,"1,026"
1013,2019-07-10 14:00:00,53.93,941
1014,2019-07-10 14:15:00,53.69,831
1015,2019-07-10 14:30:00,53.85,767
1016,2019-07-10 14:45:00,53.77,669
1017,2019-07-10 15:00:00,53.77,569
1018,2019-07-10 15:15:00,53.62,464
1019,2019-07-10 15:30:00,53.54,434
1020,2019-07-10 15:45:00,53.23,378
1021,2019-07-10 16:00:00,53.23,322
1022,2019-07-10 16:15:00,53.08,276
1023,2019-07-10 16:30:00,52.92,234
1024,2019-07-10 16:45:00,52.69,195
1025,2019-07-10 17:00:00,52.61,71
1026,2019-07-10 17:15:00,52.69,145
1027,2019-07-10 17:30:00,52.92,173
1028,2019-07-10 17:45:00,52.84,131
1029,2019-07-10 18:00:00,52.84,108
1030,2019-07-10 18:15:00,52.84,69
1031,2019-07-10 18:30:00,53.00,62
1032,2019-07-10 18:45:00,53.00,31
1033,2019-07-10 19:00:00,53.00,31
1034,2019-07-10 19:15:00,53.08,18
1035,2019-07-10 19:30:00,53.15,16
1036,2019-07-10 19:45:00,52.84,12
1037,2019-07-10 20:00:00,52.92,6
1038,2019-07-10 20:15:00,52.84,3
1039,2019-07-10 20:30:00,52.84,1
1040,2019-07-10 20:45:00,53.00,0
1041,2019-07-10 21:00:00,53.23,0
1042,2019-07-10 21:15:00,53.15,0
1043,2019-07-10 21:30:00,53.15,0
1044,2019-07-10 21:45:00,53.23,0
1045,2019-07-10 22:00:00,53.23,0
1046,2019-07-10 22:15:00,53.31,0
1047,2019-07-10 22:30:00,53.23,0
1048,2019-07-10 22:45:00,53.23,0
1049,2019-07-10 23:00:00,53.23,0
1050,2019-07-10 23:15:00,53.39,0
1051,2019-07-10 23:30:00,53.39,0
1052,2019-07-10 23:45:00,53.39,0
1053,2019-07-11 0:00:00,53.54,0
1054,2019-07-11 0:15:00,53.54,0
1055,2019-07-11 0:30:00,53.54,0
1056,2019-07-11 0:45:00,53.54,0
1057,2019-07-11 1:00:00,53.46,0
1058,2019-07-11 1:15:00,53.54,0
1059,2019-07-11 1:30:00,53.54,0
1060,2019-07-11 1:45:00,53.62,0
1061,2019-07-11 2:00:00,53.62,0
1062,2019-07-11 2:15:00,53.54,0
1063,2019-07-11 2:30:00,53.46,0
1064,2019-07-11 2:45:00,53.46,0
1065,2019-07-11 3:00:00,53.62,0
1066,2019-07-11 3:15:00,53.54,0
1067,2019-07-11 3:30:00,53.54,0
1068,2019-07-11 3:45:00,53.62,0
1069,2019-07-11 4:00:00,53.62,0
1070,2019-07-11 4:15:00,53.46,0
1071,2019-07-11 4:30:00,53.54,0
1072,2019-07-11 4:45:00,53.46,0
1073,2019-07-11 5:00:00,53.39,1
1074,2019-07-11 5:15:00,53.46,4
1075,2019-07-11 5:30:00,52.54,10
1076,2019-07-11 5:45:00,52.69,18
1077,2019-07-11 6:00:00,52.84,25
1078,2019-07-11 6:15:00,52.92,43
1079,2019-07-11 6:30:00,53.00,55
1080,2019-07-11 6:45:00,53.00,76
1081,2019-07-11 7:00:00,53.08,89
1082,2019-07-11 7:15:00,53.08,108
1083,2019-07-11 7:30:00,53.15,120
1084,2019-07-11 7:45:00,53.23,147
1085,2019-07-11 8:00:00,53.31,173
1086,2019-07-11 8:15:00,53.31,193
1087,2019-07-11 8:30:00,53.15,236
1088,2019-07-11 8:45:00,53.08,272
1089,2019-07-11 9:00:00,53.15,296
1090,2019-07-11 9:15:00,53.15,225
1091,2019-07-11 9:30:00,53.23,215
1092,2019-07-11 9:45:00,53.31,308
1093,2019-07-11 10:00:00,53.54,590
1094,2019-07-11 10:15:00,53.69,683
1095,2019-07-11 10:30:00,53.62,415
1096,2019-07-11 10:45:00,53.77,635
1097,2019-07-11 11:00:00,53.69,506
1098,2019-07-11 11:15:00,53.54,"1,082"
1099,2019-07-11 11:30:00,53.46,513
1100,2019-07-11 11:45:00,53.39,261
1101,2019-07-11 12:00:00,53.46,142
1102,2019-07-11 12:15:00,53.31,285
1103,2019-07-11 12:30:00,53.54,820
1104,2019-07-11 12:45:00,53.54,371
1105,2019-07-11 13:00:00,53.46,522
1106,2019-07-11 13:15:00,53.62,688
1107,2019-07-11 13:30:00,53.62,716
1108,2019-07-11 13:45:00,53.69,"1,071"
1109,2019-07-11 14:00:00,53.62,474
1110,2019-07-11 14:15:00,53.69,653
1111,2019-07-11 14:30:00,53.54,501
1112,2019-07-11 14:45:00,53.77,577
1113,2019-07-11 15:00:00,53.77,435
1114,2019-07-11 15:15:00,53.93,414
1115,2019-07-11 15:30:00,53.85,324
1116,2019-07-11 15:45:00,53.85,225
1117,2019-07-11 16:00:00,53.85,183
1118,2019-07-11 16:15:00,53.69,153
1119,2019-07-11 16:30:00,53.62,135
1120,2019-07-11 16:45:00,53.69,302
1121,2019-07-11 17:00:00,53.77,177
1122,2019-07-11 17:15:00,54.00,202
1123,2019-07-11 17:30:00,53.93,210
1124,2019-07-11 17:45:00,54.08,155
1125,2019-07-11 18:00:00,54.00,59
1126,2019-07-11 18:15:00,54.00,56
1127,2019-07-11 18:30:00,53.85,47
1128,2019-07-11 18:45:00,53.46,31
1129,2019-07-11 19:00:00,53.46,16
1130,2019-07-11 19:15:00,53.69,15
1131,2019-07-11 19:30:00,53.69,7
1132,2019-07-11 19:45:00,53.77,5
1133,2019-07-11 20:00:00,53.85,2
1134,2019-07-11 20:15:00,53.93,0
1135,2019-07-11 20:30:00,53.93,0
1136,2019-07-11 20:45:00,53.93,0
1137,2019-07-11 21:00:00,54.16,0
1138,2019-07-11 21:15:00,54.16,0
1139,2019-07-11 21:30:00,54.16,0
1140,2019-07-11 21:45:00,53.77,0
1141,2019-07-11 22:00:00,53.69,0
1142,2019-07-11 22:15:00,53.85,0
1143,2019-07-11 22:30:00,53.93,0
1144,2019-07-11 22:45:00,53.93,0
1145,2019-07-11 23:00:00,54.00,0
1146,2019-07-11 23:15:00,53.85,0
1147,2019-07-11 23:30:00,53.46,0
1148,2019-07-11 23:45:00,53.54,0
1149,2019-07-12 0:00:00,53.69,0
1150,2019-07-12 0:15:00,53.69,0
1151,2019-07-12 0:30:00,53.69,0
1152,2019-07-12 0:45:00,53.54,0
1153,2019-07-12 1:00:00,53.62,0
1154,2019-07-12 1:15:00,53.62,0
1155,2019-07-12 1:30:00,53.62,0
1156,2019-07-12 1:45:00,53.62,0
1157,2019-07-12 2:00:00,53.69,0
1158,2019-07-12 2:15:00,53.69,0
1159,2019-07-12 2:30:00,53.62,0
1160,2019-07-12 2:45:00,53.62,0
1161,2019-07-12 3:00:00,53.69,0
1162,2019-07-12 3:15:00,53.62,0
1163,2019-07-12 3:30:00,53.69,0
1164,2019-07-12 3:45:00,53.62,0
1165,2019-07-12 4:00:00,53.54,0
1166,2019-07-12 4:15:00,53.69,0
1167,2019-07-12 4:30:00,53.54,0
1168,2019-07-12 4:45:00,53.62,0
1169,2019-07-12 5:00:00,53.69,0
1170,2019-07-12 5:15:00,53.69,1
1171,2019-07-12 5:30:00,53.54,2
1172,2019-07-12 5:45:00,53.62,3
1173,2019-07-12 6:00:00,53.62,5
1174,2019-07-12 6:15:00,53.62,6
1175,2019-07-12 6:30:00,53.54,8
1176,2019-07-12 6:45:00,53.54,5
1177,2019-07-12 7:00:00,53.54,6
1178,2019-07-12 7:15:00,53.46,7
1179,2019-07-12 7:30:00,53.46,13
1180,2019-07-12 7:45:00,52.84,8
1181,2019-07-12 8:00:00,52.92,8
1182,2019-07-12 8:15:00,52.84,14
1183,2019-07-12 8:30:00,52.92,10
1184,2019-07-12 8:45:00,52.84,19
1185,2019-07-12 9:00:00,52.84,36
1186,2019-07-12 9:15:00,52.92,19
1187,2019-07-12 9:30:00,53.00,30
1188,2019-07-12 9:45:00,53.08,38
1189,2019-07-12 10:00:00,53.23,36
1190,2019-07-12 10:15:00,53.23,76
1191,2019-07-12 10:30:00,53.31,93
1192,2019-07-12 10:45:00,53.31,142
1193,2019-07-12 11:00:00,53.46,159
1194,2019-07-12 11:15:00,53.39,113
1195,2019-07-12 11:30:00,53.46,113
1196,2019-07-12 11:45:00,53.62,140
1197,2019-07-12 12:00:00,53.62,193
1198,2019-07-12 12:15:00,53.62,349
1199,2019-07-12 12:30:00,53.69,361
1200,2019-07-12 12:45:00,53.69,431
1201,2019-07-12 13:00:00,53.69,375
1202,2019-07-12 13:15:00,53.69,374
1203,2019-07-12 13:30:00,53.62,419
1204,2019-07-12 13:45:00,53.69,474
1205,2019-07-12 14:00:00,53.85,606
1206,2019-07-12 14:15:00,53.85,486
1207,2019-07-12 14:30:00,53.69,358
1208,2019-07-12 14:45:00,53.69,396
1209,2019-07-12 15:00:00,53.62,255
1210,2019-07-12 15:15:00,53.69,240
1211,2019-07-12 15:30:00,53.69,236
1212,2019-07-12 15:45:00,53.62,186
1213,2019-07-12 16:00:00,53.77,155
1214,2019-07-12 16:15:00,53.85,163
1215,2019-07-12 16:30:00,53.85,147
1216,2019-07-12 16:45:00,53.93,168
1217,2019-07-12 17:00:00,53.85,155
1218,2019-07-12 17:15:00,53.85,119
1219,2019-07-12 17:30:00,53.77,62
1220,2019-07-12 17:45:00,53.69,77
1221,2019-07-12 18:00:00,53.46,74
1222,2019-07-12 18:15:00,53.54,32
1223,2019-07-12 18:30:00,53.46,38
1224,2019-07-12 18:45:00,53.54,50
1225,2019-07-12 19:00:00,53.54,13
1226,2019-07-12 19:15:00,53.54,12
1227,2019-07-12 19:30:00,53.46,11
1228,2019-07-12 19:45:00,52.84,5
1229,2019-07-12 20:00:00,52.46,2
1230,2019-07-12 20:15:00,52.77,1
1231,2019-07-12 20:30:00,52.84,0
1232,2019-07-12 20:45:00,52.77,0
1233,2019-07-12 21:00:00,52.92,0
1234,2019-07-12 21:15:00,53.00,0
1235,2019-07-12 21:30:00,53.00,0
1236,2019-07-12 21:45:00,53.15,0
1237,2019-07-12 22:00:00,53.23,0
1238,2019-07-12 22:15:00,53.39,0
1239,2019-07-12 22:30:00,53.39,0
1240,2019-07-12 22:45:00,53.46,0
1241,2019-07-12 23:00:00,53.62,0
1242,2019-07-12 23:15:00,53.69,0
1243,2019-07-12 23:30:00,53.62,0
1244,2019-07-12 23:45:00,53.54,0
1245,2019-07-13 0:00:00,53.54,0
1246,2019-07-13 0:15:00,53.54,0
1247,2019-07-13 0:30:00,53.46,0
1248,2019-07-13 0:45:00,53.39,0
1249,2019-07-13 1:00:00,53.46,0
1250,2019-07-13 1:15:00,53.54,0
1251,2019-07-13 1:30:00,53.46,0
1252,2019-07-13 1:45:00,53.46,0
1253,2019-07-13 2:00:00,53.54,0
1254,2019-07-13 2:15:00,53.46,0
1255,2019-07-13 2:30:00,53.54,0
1256,2019-07-13 2:45:00,53.54,0
1257,2019-07-13 3:00:00,53.54,0
1258,2019-07-13 3:15:00,53.46,0
1259,2019-07-13 3:30:00,53.54,0
1260,2019-07-13 3:45:00,53.46,0
1261,2019-07-13 4:00:00,53.54,0
1262,2019-07-13 4:15:00,53.54,0
1263,2019-07-13 4:30:00,53.54,0
1264,2019-07-13 4:45:00,53.46,0
1265,2019-07-13 5:00:00,53.54,1
1266,2019-07-13 5:15:00,53.46,5
1267,2019-07-13 5:30:00,53.54,11
1268,2019-07-13 5:45:00,53.54,13
1269,2019-07-13 6:00:00,53.62,19
1270,2019-07-13 6:15:00,53.54,24
1271,2019-07-13 6:30:00,53.46,32
1272,2019-07-13 6:45:00,53.39,34
1273,2019-07-13 7:00:00,53.46,44
1274,2019-07-13 7:15:00,53.23,49
1275,2019-07-13 7:30:00,53.08,56
1276,2019-07-13 7:45:00,53.08,72
1277,2019-07-13 8:00:00,53.00,109
1278,2019-07-13 8:15:00,52.92,102
1279,2019-07-13 8:30:00,53.15,96
1280,2019-07-13 8:45:00,53.15,112
1281,2019-07-13 9:00:00,53.15,119
1282,2019-07-13 9:15:00,53.23,142
1283,2019-07-13 9:30:00,53.15,191
1284,2019-07-13 9:45:00,53.00,212
1285,2019-07-13 10:00:00,52.92,248
1286,2019-07-13 10:15:00,52.84,273
1287,2019-07-13 10:30:00,52.84,349
1288,2019-07-13 10:45:00,52.92,351
1289,2019-07-13 11:00:00,53.15,431
1290,2019-07-13 11:15:00,53.23,439
1291,2019-07-13 11:30:00,53.62,444
1292,2019-07-13 11:45:00,53.62,553
1293,2019-07-13 12:00:00,53.69,576
1294,2019-07-13 12:15:00,53.62,637
1295,2019-07-13 12:30:00,53.69,678
1296,2019-07-13 12:45:00,53.69,717
1297,2019-07-13 13:00:00,53.62,751
1298,2019-07-13 13:15:00,53.62,811
1299,2019-07-13 13:30:00,53.69,807
1300,2019-07-13 13:45:00,53.85,807
1301,2019-07-13 14:00:00,53.93,878
1302,2019-07-13 14:15:00,53.85,834
1303,2019-07-13 14:30:00,53.93,885
1304,2019-07-13 14:45:00,53.69,286
1305,2019-07-13 15:00:00,53.85,787
1306,2019-07-13 15:15:00,53.77,733
1307,2019-07-13 15:30:00,53.77,685
1308,2019-07-13 15:45:00,53.77,622
1309,2019-07-13 16:00:00,53.77,550
1310,2019-07-13 16:15:00,53.77,505
1311,2019-07-13 16:30:00,53.69,452
1312,2019-07-13 16:45:00,53.69,361
1313,2019-07-13 17:00:00,53.69,314
1314,2019-07-13 17:15:00,53.69,256
1315,2019-07-13 17:30:00,53.77,206
1316,2019-07-13 17:45:00,53.77,162
1317,2019-07-13 18:00:00,53.77,129
1318,2019-07-13 18:15:00,53.77,93
1319,2019-07-13 18:30:00,53.62,65
1320,2019-07-13 18:45:00,53.54,48
1321,2019-07-13 19:00:00,53.54,33
1322,2019-07-13 19:15:00,53.39,17
1323,2019-07-13 19:30:00,52.92,14
1324,2019-07-13 19:45:00,53.08,8
1325,2019-07-13 20:00:00,53.08,4
1326,2019-07-13 20:15:00,52.92,1
1327,2019-07-13 20:30:00,52.77,0
1328,2019-07-13 20:45:00,52.77,0
1329,2019-07-13 21:00:00,53.00,0
1330,2019-07-13 21:15:00,53.08,0
1331,2019-07-13 21:30:00,53.15,0
1332,2019-07-13 21:45:00,53.23,0
1333,2019-07-13 22:00:00,53.39,0
1334,2019-07-13 22:15:00,53.46,0
1335,2019-07-13 22:30:00,53.62,0
1336,2019-07-13 22:45:00,53.77,0
1337,2019-07-13 23:00:00,53.77,0
1338,2019-07-13 23:15:00,53.46,0
1339,2019-07-13 23:30:00,53.62,0
1340,2019-07-13 23:45:00,53.62,0
1341,2019-07-14 0:00:00,53.77,0
1342,2019-07-14 0:15:00,53.54,0
1343,2019-07-14 0:30:00,53.39,0
1344,2019-07-14 0:45:00,53.54,0
1345,2019-07-14 1:00:00,53.23,0
1346,2019-07-14 1:15:00,53.15,0
1347,2019-07-14 1:30:00,53.31,0
1348,2019-07-14 1:45:00,53.31,0
1349,2019-07-14 2:00:00,53.39,0
1350,2019-07-14 2:15:00,53.31,0
1351,2019-07-14 2:30:00,53.39,0
1352,2019-07-14 2:45:00,53.31,0
1353,2019-07-14 3:00:00,53.23,0
1354,2019-07-14 3:15:00,53.23,0
1355,2019-07-14 3:30:00,53.31,0
1356,2019-07-14 3:45:00,53.31,0
1357,2019-07-14 4:00:00,53.39,0
1358,2019-07-14 4:15:00,53.39,0
1359,2019-07-14 4:30:00,53.39,0
1360,2019-07-14 4:45:00,53.39,0
1361,2019-07-14 5:00:00,53.39,2
1362,2019-07-14 5:15:00,53.46,7
1363,2019-07-14 5:30:00,53.39,17
1364,2019-07-14 5:45:00,53.39,22
1365,2019-07-14 6:00:00,53.54,40
1366,2019-07-14 6:15:00,53.46,85
1367,2019-07-14 6:30:00,53.62,94
1368,2019-07-14 6:45:00,53.46,141
1369,2019-07-14 7:00:00,53.54,69
1370,2019-07-14 7:15:00,53.46,69
1371,2019-07-14 7:30:00,53.39,192
1372,2019-07-14 7:45:00,53.39,108
1373,2019-07-14 8:00:00,53.31,96
1374,2019-07-14 8:15:00,53.15,101
1375,2019-07-14 8:30:00,53.08,248
1376,2019-07-14 8:45:00,52.84,141
1377,2019-07-14 9:00:00,52.69,253
1378,2019-07-14 9:15:00,52.54,270
1379,2019-07-14 9:30:00,52.61,296
1380,2019-07-14 9:45:00,52.61,315
1381,2019-07-14 10:00:00,52.69,312
1382,2019-07-14 10:15:00,52.77,333
1383,2019-07-14 10:30:00,52.84,377
1384,2019-07-14 10:45:00,52.92,432
1385,2019-07-14 11:00:00,53.00,448
1386,2019-07-14 11:15:00,52.92,452
1387,2019-07-14 11:30:00,52.92,476
1388,2019-07-14 11:45:00,52.61,518
1389,2019-07-14 12:00:00,52.69,564
1390,2019-07-14 12:15:00,53.15,165
1391,2019-07-14 12:30:00,53.46,160
1392,2019-07-14 12:45:00,53.77,373
1393,2019-07-14 13:00:00,54.00,937
1394,2019-07-14 13:15:00,53.77,132
1395,2019-07-14 13:30:00,53.77,155
1396,2019-07-14 13:45:00,54.08,"1,010"
1397,2019-07-14 14:00:00,54.23,943
1398,2019-07-14 14:15:00,53.93,224
1399,2019-07-14 14:30:00,53.93,286
1400,2019-07-14 14:45:00,54.23,952
1401,2019-07-14 15:00:00,54.31,884
1402,2019-07-14 15:15:00,54.00,208
1403,2019-07-14 15:30:00,54.16,855
1404,2019-07-14 15:45:00,54.16,823
1405,2019-07-14 16:00:00,54.16,727
1406,2019-07-14 16:15:00,53.85,433
1407,2019-07-14 16:30:00,54.00,597
1408,2019-07-14 16:45:00,54.00,499
1409,2019-07-14 17:00:00,53.93,450
1410,2019-07-14 17:15:00,53.93,458
1411,2019-07-14 17:30:00,53.77,341
1412,2019-07-14 17:45:00,53.85,278
1413,2019-07-14 18:00:00,54.00,104
1414,2019-07-14 18:15:00,53.85,163
1415,2019-07-14 18:30:00,53.85,62
1416,2019-07-14 18:45:00,53.85,72
1417,2019-07-14 19:00:00,53.77,43
1418,2019-07-14 19:15:00,53.93,33
1419,2019-07-14 19:30:00,53.93,22
1420,2019-07-14 19:45:00,53.85,13
1421,2019-07-14 20:00:00,53.77,6
1422,2019-07-14 20:15:00,53.69,2
1423,2019-07-14 20:30:00,53.23,0
1424,2019-07-14 20:45:00,52.46,0
1425,2019-07-14 21:00:00,52.23,0
1426,2019-07-14 21:15:00,52.38,0
1427,2019-07-14 21:30:00,52.61,0
1428,2019-07-14 21:45:00,52.92,0
1429,2019-07-14 22:00:00,53.08,0
1430,2019-07-14 22:15:00,53.00,0
1431,2019-07-14 22:30:00,52.84,0
1432,2019-07-14 22:45:00,53.31,0
1433,2019-07-14 23:00:00,53.31,0
1434,2019-07-14 23:15:00,53.54,0
1435,2019-07-14 23:30:00,53.69,0
1436,2019-07-14 23:45:00,53.85,0
1437,2019-07-15 0:00:00,53.62,0
1438,2019-07-15 0:15:00,53.62,0
1439,2019-07-15 0:30:00,53.77,0
1440,2019-07-15 0:45:00,53.77,0
1441,2019-07-15 1:00:00,53.69,0
1442,2019-07-15 1:15:00,53.54,0
1443,2019-07-15 1:30:00,53.62,0
1444,2019-07-15 1:45:00,53.69,0
1445,2019-07-15 2:00:00,53.77,0
1446,2019-07-15 2:15:00,53.69,0
1447,2019-07-15 2:30:00,53.69,0
1448,2019-07-15 2:45:00,53.62,0
1449,2019-07-15 3:00:00,53.62,0
1450,2019-07-15 3:15:00,53.69,0
1451,2019-07-15 3:30:00,53.62,0
1452,2019-07-15 3:45:00,53.62,0
1453,2019-07-15 4:00:00,53.62,0
1454,2019-07-15 4:15:00,53.62,0
1455,2019-07-15 4:30:00,53.54,0
1456,2019-07-15 4:45:00,53.54,0
1457,2019-07-15 5:00:00,53.62,2
1458,2019-07-15 5:15:00,53.62,10
1459,2019-07-15 5:30:00,53.69,26
1460,2019-07-15 5:45:00,53.69,45
1461,2019-07-15 6:00:00,53.69,67
1462,2019-07-15 6:15:00,53.69,103
1463,2019-07-15 6:30:00,53.62,163
1464,2019-07-15 6:45:00,53.62,173
1465,2019-07-15 7:00:00,53.62,114
1466,2019-07-15 7:15:00,53.69,56
1467,2019-07-15 7:30:00,53.62,183
1468,2019-07-15 7:45:00,53.69,202
1469,2019-07-15 8:00:00,53.69,233
1470,2019-07-15 8:15:00,53.54,257
1471,2019-07-15 8:30:00,53.69,279
1472,2019-07-15 8:45:00,53.62,302
1473,2019-07-15 9:00:00,53.62,317
1474,2019-07-15 9:15:00,52.92,318
1475,2019-07-15 9:30:00,52.84,349
1476,2019-07-15 9:45:00,52.84,349
1477,2019-07-15 10:00:00,52.77,361
1478,2019-07-15 10:15:00,52.54,391
1479,2019-07-15 10:30:00,52.61,425
1480,2019-07-15 10:45:00,52.77,319
1481,2019-07-15 11:00:00,53.00,501
1482,2019-07-15 11:15:00,53.15,511
1483,2019-07-15 11:30:00,53.08,588
1484,2019-07-15 11:45:00,52.92,619
1485,2019-07-15 12:00:00,53.00,684
1486,2019-07-15 12:15:00,53.08,601
1487,2019-07-15 12:30:00,53.23,611
1488,2019-07-15 12:45:00,53.54,761
1489,2019-07-15 13:00:00,54.39,717
1490,2019-07-15 13:15:00,54.47,838
1491,2019-07-15 13:30:00,54.31,890
1492,2019-07-15 13:45:00,54.31,880
1493,2019-07-15 14:00:00,54.47,873
1494,2019-07-15 14:15:00,54.31,410
1495,2019-07-15 14:30:00,54.00,"1,130"
1496,2019-07-15 14:45:00,54.23,917
1497,2019-07-15 15:00:00,54.31,926
1498,2019-07-15 15:15:00,54.23,913
1499,2019-07-15 15:30:00,54.23,386
1500,2019-07-15 15:45:00,54.23,257
1501,2019-07-15 16:00:00,54.23,337
1502,2019-07-15 16:15:00,53.77,253
1503,2019-07-15 16:30:00,53.77,256
1504,2019-07-15 16:45:00,53.85,117
1505,2019-07-15 17:00:00,53.85,145
1506,2019-07-15 17:15:00,54.00,82
1507,2019-07-15 17:30:00,54.08,108
1508,2019-07-15 17:45:00,54.23,134
1509,2019-07-15 18:00:00,53.69,54
1510,2019-07-15 18:15:00,53.77,42
1511,2019-07-15 18:30:00,53.77,47
1512,2019-07-15 18:45:00,53.77,32
1513,2019-07-15 19:00:00,53.93,24
1514,2019-07-15 19:15:00,53.93,13
1515,2019-07-15 19:30:00,54.08,6
1516,2019-07-15 19:45:00,54.08,3
1517,2019-07-15 20:00:00,53.62,3
1518,2019-07-15 20:15:00,53.54,1
1519,2019-07-15 20:30:00,53.69,0
1520,2019-07-15 20:45:00,53.54,0
1521,2019-07-15 21:00:00,53.39,0
1522,2019-07-15 21:15:00,53.23,0
1523,2019-07-15 21:30:00,52.92,0
1524,2019-07-15 21:45:00,52.54,0
1525,2019-07-15 22:00:00,52.54,0
1526,2019-07-15 22:15:00,52.69,0
1527,2019-07-15 22:30:00,52.77,0
1528,2019-07-15 22:45:00,52.61,0
1529,2019-07-15 23:00:00,52.46,0
1530,2019-07-15 23:15:00,52.61,0
1531,2019-07-15 23:30:00,52.84,0
1532,2019-07-15 23:45:00,52.77,0
1533,2019-07-16 0:00:00,53.00,0
1534,2019-07-16 0:15:00,53.15,0
1535,2019-07-16 0:30:00,52.69,0
1536,2019-07-16 0:45:00,52.38,0
1537,2019-07-16 1:00:00,52.69,0
1538,2019-07-16 1:15:00,53.23,0
1539,2019-07-16 1:30:00,53.54,0
1540,2019-07-16 1:45:00,53.54,0
1541,2019-07-16 2:00:00,53.54,0
1542,2019-07-16 2:15:00,53.46,0
1543,2019-07-16 2:30:00,53.46,0
1544,2019-07-16 2:45:00,53.39,0
1545,2019-07-16 3:00:00,53.23,0
1546,2019-07-16 3:15:00,53.31,0
1547,2019-07-16 3:30:00,53.31,0
1548,2019-07-16 3:45:00,53.31,0
1549,2019-07-16 4:00:00,53.23,0
1550,2019-07-16 4:15:00,53.31,0
1551,2019-07-16 4:30:00,53.31,0
1552,2019-07-16 4:45:00,53.23,0
1553,2019-07-16 5:00:00,53.23,0
1554,2019-07-16 5:15:00,53.23,2
1555,2019-07-16 5:30:00,53.31,7
1556,2019-07-16 5:45:00,53.31,10
1557,2019-07-16 6:00:00,53.31,11
1558,2019-07-16 6:15:00,53.31,104
1559,2019-07-16 6:30:00,53.39,118
1560,2019-07-16 6:45:00,53.31,147
1561,2019-07-16 7:00:00,53.31,184
1562,2019-07-16 7:15:00,53.54,191
1563,2019-07-16 7:30:00,53.54,236
1564,2019-07-16 7:45:00,53.54,248
1565,2019-07-16 8:00:00,53.54,276
1566,2019-07-16 8:15:00,53.62,263
1567,2019-07-16 8:30:00,53.54,310
1568,2019-07-16 8:45:00,53.54,308
1569,2019-07-16 9:00:00,53.54,325
1570,2019-07-16 9:15:00,53.62,346
1571,2019-07-16 9:30:00,53.62,371
1572,2019-07-16 9:45:00,53.62,402
1573,2019-07-16 10:00:00,53.54,397
1574,2019-07-16 10:15:00,53.46,417
1575,2019-07-16 10:30:00,53.23,450
1576,2019-07-16 10:45:00,52.92,479
1577,2019-07-16 11:00:00,52.84,499
1578,2019-07-16 11:15:00,52.77,514
1579,2019-07-16 11:30:00,52.92,530
1580,2019-07-16 11:45:00,52.92,541
1581,2019-07-16 12:00:00,53.00,67
1582,2019-07-16 12:15:00,53.15,574
1583,2019-07-16 12:30:00,53.15,517
1584,2019-07-16 12:45:00,53.15,557
1585,2019-07-16 13:00:00,53.31,629
1586,2019-07-16 13:15:00,53.00,534
1587,2019-07-16 13:30:00,53.00,708
1588,2019-07-16 13:45:00,53.08,813
1589,2019-07-16 14:00:00,55.62,527
1590,2019-07-16 14:15:00,53.46,313
1591,2019-07-16 14:30:00,53.15,280
1592,2019-07-16 14:45:00,53.62,269
1593,2019-07-16 15:00:00,53.62,248
1594,2019-07-16 15:15:00,54.00,247
1595,2019-07-16 15:30:00,54.08,229
1596,2019-07-16 15:45:00,54.08,209
1597,2019-07-16 16:00:00,54.08,197
1598,2019-07-16 16:15:00,54.16,176
1599,2019-07-16 16:30:00,54.23,164
1600,2019-07-16 16:45:00,54.08,154
1601,2019-07-16 17:00:00,54.00,136
1602,2019-07-16 17:15:00,54.00,114
1603,2019-07-16 17:30:00,53.93,70
1604,2019-07-16 17:45:00,54.00,107
1605,2019-07-16 18:00:00,53.85,56
1606,2019-07-16 18:15:00,53.85,67
1607,2019-07-16 18:30:00,53.77,56
1608,2019-07-16 18:45:00,53.77,40
1609,2019-07-16 19:00:00,53.85,52
1610,2019-07-16 19:15:00,53.93,24
1611,2019-07-16 19:30:00,53.93,26
1612,2019-07-16 19:45:00,54.08,11
1613,2019-07-16 20:00:00,54.16,4
1614,2019-07-16 20:15:00,54.31,2
1615,2019-07-16 20:30:00,54.39,0
1616,2019-07-16 20:45:00,54.39,0
1617,2019-07-16 21:00:00,54.31,0
1618,2019-07-16 21:15:00,54.23,0
1619,2019-07-16 21:30:00,54.31,0
1620,2019-07-16 21:45:00,54.31,0
1621,2019-07-16 22:00:00,54.39,0
1622,2019-07-16 22:15:00,54.54,0
1623,2019-07-16 22:30:00,54.31,0
1624,2019-07-16 22:45:00,54.16,0
1625,2019-07-16 23:00:00,53.39,0
1626,2019-07-16 23:15:00,52.84,0
1627,2019-07-16 23:30:00,52.84,0
1628,2019-07-16 23:45:00,53.08,0
1629,2019-07-17 0:00:00,53.23,0
1630,2019-07-17 0:15:00,53.46,0
1631,2019-07-17 0:30:00,53.62,0
1632,2019-07-17 0:45:00,53.85,0
1633,2019-07-17 1:00:00,53.93,0
1634,2019-07-17 1:15:00,54.08,0
1635,2019-07-17 1:30:00,54.39,0
1636,2019-07-17 1:45:00,54.47,0
1637,2019-07-17 2:00:00,54.31,0
1638,2019-07-17 2:15:00,54.16,0
1639,2019-07-17 2:30:00,54.23,0
1640,2019-07-17 2:45:00,54.23,0
1641,2019-07-17 3:00:00,54.23,0
1642,2019-07-17 3:15:00,54.16,0
1643,2019-07-17 3:30:00,54.39,0
1644,2019-07-17 3:45:00,54.78,0
1645,2019-07-17 4:00:00,55.01,0
1646,2019-07-17 4:15:00,55.01,0
1647,2019-07-17 4:30:00,55.01,0
1648,2019-07-17 4:45:00,55.01,0
1649,2019-07-17 5:00:00,55.01,1
1650,2019-07-17 5:15:00,54.85,4
1651,2019-07-17 5:30:00,54.93,5
1652,2019-07-17 5:45:00,54.70,8
1653,2019-07-17 6:00:00,54.47,11
1654,2019-07-17 6:15:00,54.47,14
1655,2019-07-17 6:30:00,54.47,23
1656,2019-07-17 6:45:00,54.54,54
1657,2019-07-17 7:00:00,54.70,77
1658,2019-07-17 7:15:00,54.70,139
1659,2019-07-17 7:30:00,54.70,113
1660,2019-07-17 7:45:00,54.85,118
1661,2019-07-17 8:00:00,54.85,91
1662,2019-07-17 8:15:00,54.85,243
1663,2019-07-17 8:30:00,54.78,104
1664,2019-07-17 8:45:00,55.01,261
1665,2019-07-17 9:00:00,54.85,105
1666,2019-07-17 9:15:00,54.78,83
1667,2019-07-17 9:30:00,54.85,93
1668,2019-07-17 9:45:00,54.78,82
1669,2019-07-17 10:00:00,54.85,83
1670,2019-07-17 10:15:00,54.78,78
1671,2019-07-17 10:30:00,54.23,68
1672,2019-07-17 10:45:00,54.08,25
1673,2019-07-17 11:00:00,53.85,36
1674,2019-07-17 11:15:00,53.77,81
1675,2019-07-17 11:30:00,53.93,43
1676,2019-07-17 11:45:00,53.93,122
1677,2019-07-17 12:00:00,54.00,111
1678,2019-07-17 12:15:00,53.93,137
1679,2019-07-17 12:30:00,53.93,108
1680,2019-07-17 12:45:00,53.93,253
1681,2019-07-17 13:00:00,53.93,276
1682,2019-07-17 13:15:00,54.00,220
1683,2019-07-17 13:30:00,54.08,96
1684,2019-07-17 13:45:00,54.23,76
1685,2019-07-17 14:00:00,54.31,126
1686,2019-07-17 14:15:00,54.31,136
1687,2019-07-17 14:30:00,54.54,124
1688,2019-07-17 14:45:00,54.78,142
1689,2019-07-17 15:00:00,54.78,124
1690,2019-07-17 15:15:00,54.54,78
1691,2019-07-17 15:30:00,54.85,161
1692,2019-07-17 15:45:00,55.16,162
1693,2019-07-17 16:00:00,55.08,153
1694,2019-07-17 16:15:00,55.16,260
1695,2019-07-17 16:30:00,55.01,116
1696,2019-07-17 16:45:00,54.93,102
1697,2019-07-17 17:00:00,54.93,94
1698,2019-07-17 17:15:00,54.85,93
1699,2019-07-17 17:30:00,54.85,101
1700,2019-07-17 17:45:00,54.78,52
1701,2019-07-17 18:00:00,54.78,38
1702,2019-07-17 18:15:00,54.78,55
1703,2019-07-17 18:30:00,54.70,63
1704,2019-07-17 18:45:00,54.62,55
1705,2019-07-17 19:00:00,54.70,33
1706,2019-07-17 19:15:00,54.70,24
1707,2019-07-17 19:30:00,54.70,9
1708,2019-07-17 19:45:00,54.62,4
1709,2019-07-17 20:00:00,54.78,1
1710,2019-07-17 20:15:00,54.70,0
1711,2019-07-17 20:30:00,54.70,0
1712,2019-07-17 20:45:00,54.62,0
1713,2019-07-17 21:00:00,54.62,0
1714,2019-07-17 21:15:00,54.62,0
1715,2019-07-17 21:30:00,54.62,0
1716,2019-07-17 21:45:00,54.70,0
1717,2019-07-17 22:00:00,54.62,0
1718,2019-07-17 22:15:00,54.54,0
1719,2019-07-17 22:30:00,54.54,0
1720,2019-07-17 22:45:00,54.39,0
1721,2019-07-17 23:00:00,54.31,0
1722,2019-07-17 23:15:00,54.08,0
1723,2019-07-17 23:30:00,53.62,0
1724,2019-07-17 23:45:00,53.69,0
1725,2019-07-18 0:00:00,53.85,0
1726,2019-07-18 0:15:00,53.93,0
1727,2019-07-18 0:30:00,53.93,0
1728,2019-07-18 0:45:00,54.00,0
1729,2019-07-18 1:00:00,53.85,0
1730,2019-07-18 1:15:00,53.46,0
1731,2019-07-18 1:30:00,53.23,0
1732,2019-07-18 1:45:00,53.85,0
1733,2019-07-18 2:00:00,53.85,0
1734,2019-07-18 2:15:00,54.23,0
1735,2019-07-18 2:30:00,54.62,0
1736,2019-07-18 2:45:00,54.47,0
1737,2019-07-18 3:00:00,54.54,0
1738,2019-07-18 3:15:00,54.54,0
1739,2019-07-18 3:30:00,54.47,0
1740,2019-07-18 3:45:00,54.31,0
1741,2019-07-18 4:00:00,54.31,0
1742,2019-07-18 4:15:00,54.31,0
1743,2019-07-18 4:30:00,54.16,0
1744,2019-07-18 4:45:00,54.16,0
1745,2019-07-18 5:00:00,54.16,1
1746,2019-07-18 5:15:00,54.16,4
1747,2019-07-18 5:30:00,54.16,12
1748,2019-07-18 5:45:00,54.23,20
1749,2019-07-18 6:00:00,54.31,46
1750,2019-07-18 6:15:00,54.31,66
1751,2019-07-18 6:30:00,54.39,110
1752,2019-07-18 6:45:00,54.39,155
1753,2019-07-18 7:00:00,54.47,198
1754,2019-07-18 7:15:00,54.47,253
1755,2019-07-18 7:30:00,54.47,281
1756,2019-07-18 7:45:00,54.54,348
1757,2019-07-18 8:00:00,54.62,369
1758,2019-07-18 8:15:00,54.70,402
1759,2019-07-18 8:30:00,54.70,468
1760,2019-07-18 8:45:00,54.78,451
1761,2019-07-18 9:00:00,54.78,443
1762,2019-07-18 9:15:00,54.85,488
1763,2019-07-18 9:30:00,54.93,468
1764,2019-07-18 9:45:00,54.85,463
1765,2019-07-18 10:00:00,54.78,401
1766,2019-07-18 10:15:00,54.78,428
1767,2019-07-18 10:30:00,54.70,245
1768,2019-07-18 10:45:00,54.70,366
1769,2019-07-18 11:00:00,54.16,407
1770,2019-07-18 11:15:00,54.00,330
1771,2019-07-18 11:30:00,54.00,385
1772,2019-07-18 11:45:00,54.00,308
1773,2019-07-18 12:00:00,54.08,375
1774,2019-07-18 12:15:00,53.85,347
1775,2019-07-18 12:30:00,53.54,333
1776,2019-07-18 12:45:00,53.46,325
1777,2019-07-18 13:00:00,53.31,299
1778,2019-07-18 13:15:00,53.69,281
1779,2019-07-18 13:30:00,53.54,259
1780,2019-07-18 13:45:00,53.39,251
1781,2019-07-18 14:00:00,53.39,251
1782,2019-07-18 14:15:00,53.23,240
1783,2019-07-18 14:30:00,53.23,235
1784,2019-07-18 14:45:00,53.15,205
1785,2019-07-18 15:00:00,53.23,140
1786,2019-07-18 15:15:00,53.39,188
1787,2019-07-18 15:30:00,53.77,196
1788,2019-07-18 15:45:00,54.70,194
1789,2019-07-18 16:00:00,54.78,106
1790,2019-07-18 16:15:00,54.70,153
1791,2019-07-18 16:30:00,54.78,158
1792,2019-07-18 16:45:00,54.70,111
1793,2019-07-18 17:00:00,54.62,100
1794,2019-07-18 17:15:00,54.62,104
1795,2019-07-18 17:30:00,54.54,98
1796,2019-07-18 17:45:00,54.47,89
1797,2019-07-18 18:00:00,54.39,73
1798,2019-07-18 18:15:00,54.47,62
1799,2019-07-18 18:30:00,54.47,53
1800,2019-07-18 18:45:00,54.31,44
1801,2019-07-18 19:00:00,54.23,36
1802,2019-07-18 19:15:00,54.23,28
1803,2019-07-18 19:30:00,54.16,20
1804,2019-07-18 19:45:00,54.23,13
1805,2019-07-18 20:00:00,54.23,6
1806,2019-07-18 20:15:00,54.16,1
1807,2019-07-18 20:30:00,54.16,0
1808,2019-07-18 20:45:00,54.23,0
1809,2019-07-18 21:00:00,54.54,0
1810,2019-07-18 21:15:00,54.70,0
1811,2019-07-18 21:30:00,54.85,0
1812,2019-07-18 21:45:00,54.93,0
1813,2019-07-18 22:00:00,55.01,0
1814,2019-07-18 22:15:00,54.85,0
1815,2019-07-18 22:30:00,54.85,0
1816,2019-07-18 22:45:00,54.70,0
1817,2019-07-18 23:00:00,54.93,0
1818,2019-07-18 23:15:00,55.01,0
1819,2019-07-18 23:30:00,54.93,0
1820,2019-07-18 23:45:00,54.70,0
1821,2019-07-19 0:00:00,54.08,0
1822,2019-07-19 0:15:00,54.00,0
1823,2019-07-19 0:30:00,54.00,0
1824,2019-07-19 0:45:00,54.23,0
1825,2019-07-19 1:00:00,54.08,0
1826,2019-07-19 1:15:00,53.54,0
1827,2019-07-19 1:30:00,53.93,0
1828,2019-07-19 1:45:00,54.08,0
1829,2019-07-19 2:00:00,53.77,0
1830,2019-07-19 2:15:00,54.00,0
1831,2019-07-19 2:30:00,54.00,0
1832,2019-07-19 2:45:00,54.39,0
1833,2019-07-19 3:00:00,54.39,0
1834,2019-07-19 3:15:00,54.39,0
1835,2019-07-19 3:30:00,54.70,0
1836,2019-07-19 3:45:00,54.62,0
1837,2019-07-19 4:00:00,54.62,0
1838,2019-07-19 4:15:00,54.62,0
1839,2019-07-19 4:30:00,54.70,0
1840,2019-07-19 4:45:00,54.54,0
1841,2019-07-19 5:00:00,54.39,1
1842,2019-07-19 5:15:00,54.31,4
1843,2019-07-19 5:30:00,54.23,9
1844,2019-07-19 5:45:00,54.31,18
1845,2019-07-19 6:00:00,54.23,32
1846,2019-07-19 6:15:00,54.23,30
1847,2019-07-19 6:30:00,54.23,62
1848,2019-07-19 6:45:00,54.31,161
1849,2019-07-19 7:00:00,54.39,262
1850,2019-07-19 7:15:00,54.23,119
1851,2019-07-19 7:30:00,54.23,334
1852,2019-07-19 7:45:00,54.39,377
1853,2019-07-19 8:00:00,54.47,291
1854,2019-07-19 8:15:00,54.54,485
1855,2019-07-19 8:30:00,54.54,457
1856,2019-07-19 8:45:00,54.54,535
1857,2019-07-19 9:00:00,54.70,553
1858,2019-07-19 9:15:00,54.70,600
1859,2019-07-19 9:30:00,54.70,588
1860,2019-07-19 9:45:00,54.70,583
1861,2019-07-19 10:00:00,54.78,561
1862,2019-07-19 10:15:00,54.39,530
1863,2019-07-19 10:30:00,54.39,536
1864,2019-07-19 10:45:00,54.39,511
1865,2019-07-19 11:00:00,54.39,473
1866,2019-07-19 11:15:00,54.23,453
1867,2019-07-19 11:30:00,54.31,430
1868,2019-07-19 11:45:00,54.23,416
1869,2019-07-19 12:00:00,54.31,387
1870,2019-07-19 12:15:00,54.23,357
1871,2019-07-19 12:30:00,54.31,353
1872,2019-07-19 12:45:00,54.39,322
1873,2019-07-19 13:00:00,54.31,311
1874,2019-07-19 13:15:00,53.69,284
1875,2019-07-19 13:30:00,53.85,264
1876,2019-07-19 13:45:00,53.77,250
1877,2019-07-19 14:00:00,54.00,229
1878,2019-07-19 14:15:00,53.93,210
1879,2019-07-19 14:30:00,53.93,194
1880,2019-07-19 14:45:00,54.00,181
1881,2019-07-19 15:00:00,53.93,166
1882,2019-07-19 15:15:00,54.00,159
1883,2019-07-19 15:30:00,54.23,151
1884,2019-07-19 15:45:00,54.62,141
1885,2019-07-19 16:00:00,54.78,128
1886,2019-07-19 16:15:00,54.85,122
1887,2019-07-19 16:30:00,53.93,83
1888,2019-07-19 16:45:00,54.08,61
1889,2019-07-19 17:00:00,54.16,87
1890,2019-07-19 17:15:00,54.47,90
1891,2019-07-19 17:30:00,54.54,77
1892,2019-07-19 17:45:00,54.62,75
1893,2019-07-19 18:00:00,54.78,55
1894,2019-07-19 18:15:00,54.78,66
1895,2019-07-19 18:30:00,54.78,58
1896,2019-07-19 18:45:00,54.70,45
1897,2019-07-19 19:00:00,54.54,34
1898,2019-07-19 19:15:00,54.54,23
1899,2019-07-19 19:30:00,54.62,15
1900,2019-07-19 19:45:00,54.62,10
1901,2019-07-19 20:00:00,54.62,5
1902,2019-07-19 20:15:00,54.78,1
1903,2019-07-19 20:30:00,55.01,0
1904,2019-07-19 20:45:00,55.01,0
1905,2019-07-19 21:00:00,54.85,0
1906,2019-07-19 21:15:00,55.01,0
1907,2019-07-19 21:30:00,55.01,0
1908,2019-07-19 21:45:00,55.08,0
1909,2019-07-19 22:00:00,55.16,0
1910,2019-07-19 22:15:00,55.08,0
1911,2019-07-19 22:30:00,55.08,0
1912,2019-07-19 22:45:00,55.08,0
1913,2019-07-19 23:00:00,55.01,0
1914,2019-07-19 23:15:00,54.93,0
1915,2019-07-19 23:30:00,54.85,0
1916,2019-07-19 23:45:00,55.01,0
1917,2019-07-20 0:00:00,55.08,0
1918,2019-07-20 0:15:00,55.16,0
1919,2019-07-20 0:30:00,55.24,0
1920,2019-07-20 0:45:00,54.62,0
1921,2019-07-20 1:00:00,54.00,0
1922,2019-07-20 1:15:00,53.93,0
1923,2019-07-20 1:30:00,53.93,0
1924,2019-07-20 1:45:00,54.16,0
1925,2019-07-20 2:00:00,54.31,0
1926,2019-07-20 2:15:00,54.39,0
1927,2019-07-20 2:30:00,54.70,0
1928,2019-07-20 2:45:00,54.62,0
1929,2019-07-20 3:00:00,54.62,0
1930,2019-07-20 3:15:00,55.01,0
1931,2019-07-20 3:30:00,55.24,0
1932,2019-07-20 3:45:00,55.32,0
1933,2019-07-20 4:00:00,55.16,0
1934,2019-07-20 4:15:00,55.01,0
1935,2019-07-20 4:30:00,55.08,0
1936,2019-07-20 4:45:00,55.24,0
1937,2019-07-20 5:00:00,55.08,1
1938,2019-07-20 5:15:00,55.01,3
1939,2019-07-20 5:30:00,54.93,10
1940,2019-07-20 5:45:00,55.01,23
1941,2019-07-20 6:00:00,55.08,41
1942,2019-07-20 6:15:00,55.08,53
1943,2019-07-20 6:30:00,55.08,77
1944,2019-07-20 6:45:00,55.08,108
1945,2019-07-20 7:00:00,55.08,149
1946,2019-07-20 7:15:00,55.08,182
1947,2019-07-20 7:30:00,55.01,210
1948,2019-07-20 7:45:00,55.01,270
1949,2019-07-20 8:00:00,55.08,332
1950,2019-07-20 8:15:00,55.08,348
1951,2019-07-20 8:30:00,55.08,366
1952,2019-07-20 8:45:00,55.32,460
1953,2019-07-20 9:00:00,55.39,528
1954,2019-07-20 9:15:00,55.39,545
1955,2019-07-20 9:30:00,55.47,584
1956,2019-07-20 9:45:00,55.32,454
1957,2019-07-20 10:00:00,55.47,547
1958,2019-07-20 10:15:00,55.39,474
1959,2019-07-20 10:30:00,55.47,457
1960,2019-07-20 10:45:00,55.55,338
1961,2019-07-20 11:00:00,55.39,426
1962,2019-07-20 11:15:00,55.32,457
1963,2019-07-20 11:30:00,55.08,430
1964,2019-07-20 11:45:00,55.16,370
1965,2019-07-20 12:00:00,55.08,357
1966,2019-07-20 12:15:00,54.78,365
1967,2019-07-20 12:30:00,54.78,215
1968,2019-07-20 12:45:00,54.85,258
1969,2019-07-20 13:00:00,54.70,193
1970,2019-07-20 13:15:00,54.78,278
1971,2019-07-20 13:30:00,54.78,255
1972,2019-07-20 13:45:00,54.93,239
1973,2019-07-20 14:00:00,54.93,211
1974,2019-07-20 14:15:00,54.85,198
1975,2019-07-20 14:30:00,54.85,176
1976,2019-07-20 14:45:00,54.78,170
1977,2019-07-20 15:00:00,54.62,151
1978,2019-07-20 15:15:00,54.39,139
1979,2019-07-20 15:30:00,54.39,127
1980,2019-07-20 15:45:00,54.39,122
1981,2019-07-20 16:00:00,54.54,115
1982,2019-07-20 16:15:00,54.85,105
1983,2019-07-20 16:30:00,55.01,96
1984,2019-07-20 16:45:00,55.55,98
1985,2019-07-20 17:00:00,55.55,86
1986,2019-07-20 17:15:00,55.39,77
1987,2019-07-20 17:30:00,54.93,69
1988,2019-07-20 17:45:00,54.85,60
1989,2019-07-20 18:00:00,54.93,57
1990,2019-07-20 18:15:00,55.24,46
1991,2019-07-20 18:30:00,55.32,36
1992,2019-07-20 18:45:00,55.32,42
1993,2019-07-20 19:00:00,55.24,29
1994,2019-07-20 19:15:00,55.39,23
1995,2019-07-20 19:30:00,55.55,16
1996,2019-07-20 19:45:00,55.47,9
1997,2019-07-20 20:00:00,55.55,3
1998,2019-07-20 20:15:00,55.47,1
1999,2019-07-20 20:30:00,55.55,0
2000,2019-07-20 20:45:00,55.55,0
2001,2019-07-20 21:00:00,55.70,0
2002,2019-07-20 21:15:00,55.78,0
2003,2019-07-20 21:30:00,55.78,0
2004,2019-07-20 21:45:00,55.70,0
2005,2019-07-20 22:00:00,55.62,0
2006,2019-07-20 22:15:00,55.55,0
2007,2019-07-20 22:30:00,55.55,0
2008,2019-07-20 22:45:00,55.39,0
2009,2019-07-20 23:00:00,55.47,0
2010,2019-07-20 23:15:00,55.55,0
2011,2019-07-20 23:30:00,55.55,0
2012,2019-07-20 23:45:00,55.39,0
2013,2019-07-21 0:00:00,55.39,0
2014,2019-07-21 0:15:00,55.39,0
2015,2019-07-21 0:30:00,55.24,0
2016,2019-07-21 0:45:00,54.93,0
2017,2019-07-21 1:00:00,54.93,0
2018,2019-07-21 1:15:00,54.85,0
2019,2019-07-21 1:30:00,54.62,0
2020,2019-07-21 1:45:00,54.62,0
2021,2019-07-21 2:00:00,54.54,0
2022,2019-07-21 2:15:00,54.70,0
2023,2019-07-21 2:30:00,54.85,0
2024,2019-07-21 2:45:00,54.78,0
2025,2019-07-21 3:00:00,54.93,0
2026,2019-07-21 3:15:00,53.77,0
2027,2019-07-21 3:30:00,53.69,0
2028,2019-07-21 3:45:00,53.69,0
2029,2019-07-21 4:00:00,54.23,0
2030,2019-07-21 4:15:00,54.31,0
2031,2019-07-21 4:30:00,54.39,0
2032,2019-07-21 4:45:00,54.85,0
2033,2019-07-21 5:00:00,54.93,0
2034,2019-07-21 5:15:00,55.16,1
2035,2019-07-21 5:30:00,54.93,3
2036,2019-07-21 5:45:00,54.93,6
2037,2019-07-21 6:00:00,55.01,14
2038,2019-07-21 6:15:00,55.01,36
2039,2019-07-21 6:30:00,55.08,68
2040,2019-07-21 6:45:00,55.16,76
2041,2019-07-21 7:00:00,55.08,103
2042,2019-07-21 7:15:00,55.16,185
2043,2019-07-21 7:30:00,55.16,192
2044,2019-07-21 7:45:00,55.16,269
2045,2019-07-21 8:00:00,55.24,322
2046,2019-07-21 8:15:00,55.32,388
2047,2019-07-21 8:30:00,55.24,424
2048,2019-07-21 8:45:00,55.32,492
2049,2019-07-21 9:00:00,55.39,500
2050,2019-07-21 9:15:00,55.39,529
2051,2019-07-21 9:30:00,55.47,563
2052,2019-07-21 9:45:00,55.55,576
2053,2019-07-21 10:00:00,55.47,426
2054,2019-07-21 10:15:00,55.39,166
2055,2019-07-21 10:30:00,55.62,649
2056,2019-07-21 10:45:00,55.55,482
2057,2019-07-21 11:00:00,55.55,257
2058,2019-07-21 11:15:00,55.78,542
2059,2019-07-21 11:30:00,55.70,494
2060,2019-07-21 11:45:00,55.70,449
2061,2019-07-21 12:00:00,55.55,418
2062,2019-07-21 12:15:00,55.47,390
2063,2019-07-21 12:30:00,54.93,363
2064,2019-07-21 12:45:00,54.70,331
2065,2019-07-21 13:00:00,54.47,293
2066,2019-07-21 13:15:00,54.31,66
2067,2019-07-21 13:30:00,54.39,54
2068,2019-07-21 13:45:00,54.47,61
2069,2019-07-21 14:00:00,54.62,50
2070,2019-07-21 14:15:00,54.54,31
2071,2019-07-21 14:30:00,54.62,190
2072,2019-07-21 14:45:00,54.62,79
2073,2019-07-21 15:00:00,54.54,163
2074,2019-07-21 15:15:00,54.70,132
2075,2019-07-21 15:30:00,54.70,116
2076,2019-07-21 15:45:00,54.70,101
2077,2019-07-21 16:00:00,54.62,93
2078,2019-07-21 16:15:00,54.62,90
2079,2019-07-21 16:30:00,55.93,79
2080,2019-07-21 16:45:00,56.55,72
2081,2019-07-21 17:00:00,56.71,67
2082,2019-07-21 17:15:00,56.55,61
2083,2019-07-21 17:30:00,55.78,58
2084,2019-07-21 17:45:00,55.39,51
2085,2019-07-21 18:00:00,55.47,49
2086,2019-07-21 18:15:00,55.86,48
2087,2019-07-21 18:30:00,56.01,39
2088,2019-07-21 18:45:00,55.86,37
2089,2019-07-21 19:00:00,55.78,21
2090,2019-07-21 19:15:00,55.70,20
2091,2019-07-21 19:30:00,55.62,15
2092,2019-07-21 19:45:00,55.62,10
2093,2019-07-21 20:00:00,55.62,3
2094,2019-07-21 20:15:00,55.62,1
2095,2019-07-21 20:30:00,55.70,0
2096,2019-07-21 20:45:00,55.78,0
2097,2019-07-21 21:00:00,55.78,0
2098,2019-07-21 21:15:00,55.86,0
2099,2019-07-21 21:30:00,55.70,0
2100,2019-07-21 21:45:00,55.78,0
2101,2019-07-21 22:00:00,55.70,0
2102,2019-07-21 22:15:00,55.78,0
2103,2019-07-21 22:30:00,55.78,0
2104,2019-07-21 22:45:00,55.70,0
2105,2019-07-21 23:00:00,55.62,0
2106,2019-07-21 23:15:00,55.55,0
2107,2019-07-21 23:30:00,55.55,0
2108,2019-07-21 23:45:00,55.47,0
2109,2019-07-22 0:00:00,55.47,0
2110,2019-07-22 0:15:00,55.32,0
2111,2019-07-22 0:30:00,55.16,0
2112,2019-07-22 0:45:00,55.01,0
2113,2019-07-22 1:00:00,55.01,0
2114,2019-07-22 1:15:00,54.00,0
2115,2019-07-22 1:30:00,54.00,0
2116,2019-07-22 1:45:00,54.16,0
2117,2019-07-22 2:00:00,54.16,0
2118,2019-07-22 2:15:00,54.39,0
2119,2019-07-22 2:30:00,54.54,0
2120,2019-07-22 2:45:00,54.70,0
2121,2019-07-22 3:00:00,54.70,0
2122,2019-07-22 3:15:00,54.62,0
2123,2019-07-22 3:30:00,54.23,0
2124,2019-07-22 3:45:00,53.77,0
2125,2019-07-22 4:00:00,53.77,0
2126,2019-07-22 4:15:00,53.85,0
2127,2019-07-22 4:30:00,53.69,0
2128,2019-07-22 4:45:00,53.62,0
2129,2019-07-22 5:00:00,53.54,0
2130,2019-07-22 5:15:00,53.77,2
2131,2019-07-22 5:30:00,54.47,6
2132,2019-07-22 5:45:00,54.78,10
2133,2019-07-22 6:00:00,54.85,21
2134,2019-07-22 6:15:00,54.70,33
2135,2019-07-22 6:30:00,54.70,54
2136,2019-07-22 6:45:00,54.78,76
2137,2019-07-22 7:00:00,54.70,112
2138,2019-07-22 7:15:00,54.70,136
2139,2019-07-22 7:30:00,54.62,192
2140,2019-07-22 7:45:00,54.62,243
2141,2019-07-22 8:00:00,54.62,283
2142,2019-07-22 8:15:00,54.70,358
2143,2019-07-22 8:30:00,54.70,362
2144,2019-07-22 8:45:00,54.70,411
2145,2019-07-22 9:00:00,54.62,414
2146,2019-07-22 9:15:00,54.78,462
2147,2019-07-22 9:30:00,54.93,521
2148,2019-07-22 9:45:00,54.85,331
2149,2019-07-22 10:00:00,55.32,674
2150,2019-07-22 10:15:00,55.24,673
2151,2019-07-22 10:30:00,55.32,594
2152,2019-07-22 10:45:00,55.24,502
2153,2019-07-22 11:00:00,55.39,540
2154,2019-07-22 11:15:00,55.24,347
2155,2019-07-22 11:30:00,55.47,545
2156,2019-07-22 11:45:00,55.47,517
2157,2019-07-22 12:00:00,55.39,365
2158,2019-07-22 12:15:00,55.08,179
2159,2019-07-22 12:30:00,55.16,162
2160,2019-07-22 12:45:00,54.85,85
2161,2019-07-22 13:00:00,54.85,110
2162,2019-07-22 13:15:00,54.78,72
2163,2019-07-22 13:30:00,54.70,103
2164,2019-07-22 13:45:00,54.62,82
2165,2019-07-22 14:00:00,54.78,71
2166,2019-07-22 14:15:00,54.70,70
2167,2019-07-22 14:30:00,54.78,59
2168,2019-07-22 14:45:00,54.78,56
2169,2019-07-22 15:00:00,54.70,67
2170,2019-07-22 15:15:00,54.62,76
2171,2019-07-22 15:30:00,54.23,33
2172,2019-07-22 15:45:00,54.08,25
2173,2019-07-22 16:00:00,53.77,42
2174,2019-07-22 16:15:00,53.69,38
2175,2019-07-22 16:30:00,53.85,31
2176,2019-07-22 16:45:00,54.00,29
2177,2019-07-22 17:00:00,53.93,25
2178,2019-07-22 17:15:00,53.54,31
2179,2019-07-22 17:30:00,53.31,19
2180,2019-07-22 17:45:00,53.31,15
2181,2019-07-22 18:00:00,53.77,14
2182,2019-07-22 18:15:00,54.08,15
2183,2019-07-22 18:30:00,54.16,15
2184,2019-07-22 18:45:00,54.47,11
2185,2019-07-22 19:00:00,54.62,9
2186,2019-07-22 19:15:00,54.62,6
2187,2019-07-22 19:30:00,54.62,3
2188,2019-07-22 19:45:00,54.62,2
2189,2019-07-22 20:00:00,54.70,1
2190,2019-07-22 20:15:00,54.70,0
2191,2019-07-22 20:30:00,54.62,0
2192,2019-07-22 20:45:00,54.62,0
2193,2019-07-22 21:00:00,54.62,0
2194,2019-07-22 21:15:00,54.47,0
2195,2019-07-22 21:30:00,54.39,0
2196,2019-07-22 21:45:00,54.47,0
2197,2019-07-22 22:00:00,54.31,0
2198,2019-07-22 22:15:00,54.39,0
2199,2019-07-22 22:30:00,54.47,0
2200,2019-07-22 22:45:00,54.54,0
2201,2019-07-22 23:00:00,54.54,0
2202,2019-07-22 23:15:00,54.54,0
2203,2019-07-22 23:30:00,54.54,0
2204,2019-07-22 23:45:00,54.54,0
2205,2019-07-23 0:00:00,54.70,0
2206,2019-07-23 0:15:00,54.62,0
2207,2019-07-23 0:30:00,54.47,0
2208,2019-07-23 0:45:00,54.78,0
2209,2019-07-23 1:00:00,54.78,0
2210,2019-07-23 1:15:00,54.78,0
2211,2019-07-23 1:30:00,54.85,0
2212,2019-07-23 1:45:00,54.93,0
2213,2019-07-23 2:00:00,54.93,0
2214,2019-07-23 2:15:00,55.08,0
2215,2019-07-23 2:30:00,55.08,0
2216,2019-07-23 2:45:00,55.01,0
2217,2019-07-23 3:00:00,54.54,0
2218,2019-07-23 3:15:00,54.47,0
2219,2019-07-23 3:30:00,54.47,0
2220,2019-07-23 3:45:00,54.47,0
2221,2019-07-23 4:00:00,54.39,0
2222,2019-07-23 4:15:00,54.47,0
2223,2019-07-23 4:30:00,54.62,0
2224,2019-07-23 4:45:00,54.62,0
2225,2019-07-23 5:00:00,54.78,0
2226,2019-07-23 5:15:00,54.78,0
2227,2019-07-23 5:30:00,54.85,1
2228,2019-07-23 5:45:00,55.32,4
2229,2019-07-23 6:00:00,55.16,4
2230,2019-07-23 6:15:00,55.24,8
2231,2019-07-23 6:30:00,53.62,6
2232,2019-07-23 6:45:00,53.77,12
2233,2019-07-23 7:00:00,54.23,19
2234,2019-07-23 7:15:00,54.54,36
2235,2019-07-23 7:30:00,54.70,29
2236,2019-07-23 7:45:00,54.78,60
2237,2019-07-23 8:00:00,54.78,33
2238,2019-07-23 8:15:00,54.70,26
2239,2019-07-23 8:30:00,54.70,25
2240,2019-07-23 8:45:00,54.93,44
2241,2019-07-23 9:00:00,55.24,40
2242,2019-07-23 9:15:00,55.32,59
2243,2019-07-23 9:30:00,55.16,83
2244,2019-07-23 9:45:00,55.55,122
2245,2019-07-23 10:00:00,55.55,198
2246,2019-07-23 10:15:00,55.39,321
2247,2019-07-23 10:30:00,55.32,157
2248,2019-07-23 10:45:00,55.32,112
2249,2019-07-23 11:00:00,55.24,92
2250,2019-07-23 11:15:00,55.16,87
2251,2019-07-23 11:30:00,55.24,154
2252,2019-07-23 11:45:00,55.24,97
2253,2019-07-23 12:00:00,55.24,97
2254,2019-07-23 12:15:00,55.24,141
2255,2019-07-23 12:30:00,55.08,190
2256,2019-07-23 12:45:00,55.32,219
2257,2019-07-23 13:00:00,55.32,246
2258,2019-07-23 13:15:00,55.16,115
2259,2019-07-23 13:30:00,55.32,116
2260,2019-07-23 13:45:00,55.39,80
2261,2019-07-23 14:00:00,55.47,60
2262,2019-07-23 14:15:00,55.47,95
2263,2019-07-23 14:30:00,55.62,200
2264,2019-07-23 14:45:00,55.62,105
2265,2019-07-23 15:00:00,55.62,169
2266,2019-07-23 15:15:00,55.24,171
2267,2019-07-23 15:30:00,55.24,90
2268,2019-07-23 15:45:00,55.55,69
2269,2019-07-23 16:00:00,55.32,89
2270,2019-07-23 16:15:00,55.16,88
2271,2019-07-23 16:30:00,55.08,67
2272,2019-07-23 16:45:00,55.24,71
2273,2019-07-23 17:00:00,55.39,53
2274,2019-07-23 17:15:00,55.55,69
2275,2019-07-23 17:30:00,55.62,75
2276,2019-07-23 17:45:00,55.62,37
2277,2019-07-23 18:00:00,55.62,16
2278,2019-07-23 18:15:00,55.78,23
2279,2019-07-23 18:30:00,55.08,17
2280,2019-07-23 18:45:00,54.70,20
2281,2019-07-23 19:00:00,54.85,18
2282,2019-07-23 19:15:00,55.01,12
2283,2019-07-23 19:30:00,55.01,8
2284,2019-07-23 19:45:00,55.16,4
2285,2019-07-23 20:00:00,55.16,2
2286,2019-07-23 20:15:00,55.24,0
2287,2019-07-23 20:30:00,55.32,0
2288,2019-07-23 20:45:00,55.32,0
2289,2019-07-23 21:00:00,55.32,0
2290,2019-07-23 21:15:00,55.39,0
2291,2019-07-23 21:30:00,55.32,0
2292,2019-07-23 21:45:00,55.55,0
2293,2019-07-23 22:00:00,55.47,0
2294,2019-07-23 22:15:00,55.55,0
2295,2019-07-23 22:30:00,55.47,0
2296,2019-07-23 22:45:00,55.55,0
2297,2019-07-23 23:00:00,55.55,0
2298,2019-07-23 23:15:00,55.47,0
2299,2019-07-23 23:30:00,55.39,0
2300,2019-07-23 23:45:00,55.32,0
2301,2019-07-24 0:00:00,55.32,0
2302,2019-07-24 0:15:00,55.32,0
2303,2019-07-24 0:30:00,55.32,0
2304,2019-07-24 0:45:00,55.16,0
2305,2019-07-24 1:00:00,55.08,0
2306,2019-07-24 1:15:00,55.01,0
2307,2019-07-24 1:30:00,54.93,0
2308,2019-07-24 1:45:00,54.93,0
2309,2019-07-24 2:00:00,54.93,0
2310,2019-07-24 2:15:00,54.93,0
2311,2019-07-24 2:30:00,54.93,0
2312,2019-07-24 2:45:00,55.01,0
2313,2019-07-24 3:00:00,55.01,0
2314,2019-07-24 3:15:00,55.01,0
2315,2019-07-24 3:30:00,55.01,0
2316,2019-07-24 3:45:00,54.78,0
2317,2019-07-24 4:00:00,54.70,0
2318,2019-07-24 4:15:00,54.70,0
2319,2019-07-24 4:30:00,54.70,0
2320,2019-07-24 4:45:00,54.70,0
2321,2019-07-24 5:00:00,54.85,0
2322,2019-07-24 5:15:00,54.85,0
2323,2019-07-24 5:30:00,54.93,2
2324,2019-07-24 5:45:00,54.85,2
2325,2019-07-24 6:00:00,55.01,3
2326,2019-07-24 6:15:00,55.16,5
2327,2019-07-24 6:30:00,55.08,6
2328,2019-07-24 6:45:00,55.16,7
2329,2019-07-24 7:00:00,54.47,13
2330,2019-07-24 7:15:00,54.23,26
2331,2019-07-24 7:30:00,54.62,36
2332,2019-07-24 7:45:00,54.78,39
2333,2019-07-24 8:00:00,55.01,65
2334,2019-07-24 8:15:00,55.08,123
2335,2019-07-24 8:30:00,55.24,113
2336,2019-07-24 8:45:00,55.24,400
2337,2019-07-24 9:00:00,55.32,344
2338,2019-07-24 9:15:00,55.39,583
2339,2019-07-24 9:30:00,55.39,329
2340,2019-07-24 9:45:00,55.47,222
2341,2019-07-24 10:00:00,55.55,262
2342,2019-07-24 10:15:00,55.55,311
2343,2019-07-24 10:30:00,55.55,318
2344,2019-07-24 10:45:00,55.70,296
2345,2019-07-24 11:00:00,55.70,596
2346,2019-07-24 11:15:00,55.86,540
2347,2019-07-24 11:30:00,55.70,261
2348,2019-07-24 11:45:00,55.78,642
2349,2019-07-24 12:00:00,55.78,352
2350,2019-07-24 12:15:00,55.78,297
2351,2019-07-24 12:30:00,55.93,501
2352,2019-07-24 12:45:00,55.70,184
2353,2019-07-24 13:00:00,55.70,162
2354,2019-07-24 13:15:00,55.55,362
2355,2019-07-24 13:30:00,55.55,197
2356,2019-07-24 13:45:00,55.62,222
2357,2019-07-24 14:00:00,63.19,"3,860"
2358,2019-07-24 14:15:00,55.39,92
2359,2019-07-24 14:30:00,55.24,127
2360,2019-07-24 14:45:00,55.32,85
2361,2019-07-24 15:00:00,55.32,39
2362,2019-07-24 15:15:00,55.24,82
2363,2019-07-24 15:30:00,55.24,73
2364,2019-07-24 15:45:00,55.16,62
2365,2019-07-24 16:00:00,55.08,55
2366,2019-07-24 16:15:00,55.01,47
2367,2019-07-24 16:30:00,55.16,41
2368,2019-07-24 16:45:00,55.08,38
2369,2019-07-24 17:00:00,55.24,35
2370,2019-07-24 17:15:00,55.32,32
2371,2019-07-24 17:30:00,55.47,27
2372,2019-07-24 17:45:00,55.47,24
2373,2019-07-24 18:00:00,55.55,20
2374,2019-07-24 18:15:00,55.55,18
2375,2019-07-24 18:30:00,55.47,14
2376,2019-07-24 18:45:00,55.32,8
2377,2019-07-24 19:00:00,54.93,9
2378,2019-07-24 19:15:00,54.54,8
2379,2019-07-24 19:30:00,54.47,7
2380,2019-07-24 19:45:00,54.54,4
2381,2019-07-24 20:00:00,55.24,1
2382,2019-07-24 20:15:00,55.32,0
2383,2019-07-24 20:30:00,55.55,0
2384,2019-07-24 20:45:00,55.86,0
2385,2019-07-24 21:00:00,55.62,0
2386,2019-07-24 21:15:00,55.32,0
2387,2019-07-24 21:30:00,55.47,0
2388,2019-07-24 21:45:00,55.78,0
2389,2019-07-24 22:00:00,56.17,0
2390,2019-07-24 22:15:00,56.47,0
2391,2019-07-24 22:30:00,56.47,0
2392,2019-07-24 22:45:00,56.47,0
2393,2019-07-24 23:00:00,56.32,0
2394,2019-07-24 23:15:00,56.01,0
2395,2019-07-24 23:30:00,56.17,0
2396,2019-07-24 23:45:00,56.09,0
2397,2019-07-25 0:00:00,56.17,0
2398,2019-07-25 0:15:00,56.17,0
2399,2019-07-25 0:30:00,56.17,0
2400,2019-07-25 0:45:00,56.17,0
2401,2019-07-25 1:00:00,56.17,0
2402,2019-07-25 1:15:00,56.17,0
2403,2019-07-25 1:30:00,56.01,0
2404,2019-07-25 1:45:00,56.09,0
2405,2019-07-25 2:00:00,56.09,0
2406,2019-07-25 2:15:00,56.01,0
2407,2019-07-25 2:30:00,56.01,0
2408,2019-07-25 2:45:00,55.93,0
2409,2019-07-25 3:00:00,55.93,0
2410,2019-07-25 3:15:00,55.24,0
2411,2019-07-25 3:30:00,55.16,0
2412,2019-07-25 3:45:00,55.08,0
2413,2019-07-25 4:00:00,54.93,0
2414,2019-07-25 4:15:00,55.16,0
2415,2019-07-25 4:30:00,55.24,0
2416,2019-07-25 4:45:00,55.32,0
2417,2019-07-25 5:00:00,55.32,0
2418,2019-07-25 5:15:00,55.32,0
2419,2019-07-25 5:30:00,55.39,1
2420,2019-07-25 5:45:00,55.47,4
2421,2019-07-25 6:00:00,55.39,6
2422,2019-07-25 6:15:00,55.39,11
2423,2019-07-25 6:30:00,55.16,8
2424,2019-07-25 6:45:00,54.62,14
2425,2019-07-25 7:00:00,54.62,18
2426,2019-07-25 7:15:00,54.93,24
2427,2019-07-25 7:30:00,55.32,29
2428,2019-07-25 7:45:00,55.78,39
2429,2019-07-25 8:00:00,56.01,42
2430,2019-07-25 8:15:00,56.17,52
2431,2019-07-25 8:30:00,56.17,63
2432,2019-07-25 8:45:00,56.17,43
2433,2019-07-25 9:00:00,56.24,32
2434,2019-07-25 9:15:00,56.17,210
2435,2019-07-25 9:30:00,56.17,217
2436,2019-07-25 9:45:00,56.09,218
2437,2019-07-25 10:00:00,56.01,336
2438,2019-07-25 10:15:00,55.93,331
2439,2019-07-25 10:30:00,56.01,315
2440,2019-07-25 10:45:00,55.93,302
2441,2019-07-25 11:00:00,55.86,203
2442,2019-07-25 11:15:00,55.93,243
2443,2019-07-25 11:30:00,56.01,249
2444,2019-07-25 11:45:00,55.93,345
2445,2019-07-25 12:00:00,56.01,336
2446,2019-07-25 12:15:00,55.93,297
2447,2019-07-25 12:30:00,55.78,270
2448,2019-07-25 12:45:00,55.78,251
2449,2019-07-25 13:00:00,55.78,198
2450,2019-07-25 13:15:00,55.78,179
2451,2019-07-25 13:30:00,55.86,68
2452,2019-07-25 13:45:00,56.01,77
2453,2019-07-25 14:00:00,56.01,122
2454,2019-07-25 14:15:00,55.93,113
2455,2019-07-25 14:30:00,55.55,103
2456,2019-07-25 14:45:00,55.55,89
2457,2019-07-25 15:00:00,55.55,78
